-- phpMyAdmin SQL Dump
-- version 4.8.1
-- https://www.phpmyadmin.net/
--
-- Servidor: 127.0.0.1
-- Tiempo de generación: 26-11-2018 a las 23:36:33
-- Versión del servidor: 10.1.33-MariaDB
-- Versión de PHP: 7.2.6

SET SQL_MODE = "NO_AUTO_VALUE_ON_ZERO";
SET AUTOCOMMIT = 0;
START TRANSACTION;
SET time_zone = "+00:00";


/*!40101 SET @OLD_CHARACTER_SET_CLIENT=@@CHARACTER_SET_CLIENT */;
/*!40101 SET @OLD_CHARACTER_SET_RESULTS=@@CHARACTER_SET_RESULTS */;
/*!40101 SET @OLD_COLLATION_CONNECTION=@@COLLATION_CONNECTION */;
/*!40101 SET NAMES utf8mb4 */;

--
-- Base de datos: `nutricion`
--

-- --------------------------------------------------------

--
-- Estructura de tabla para la tabla `alimento`
--

CREATE TABLE `alimento` (
  `idAlimento` int(8) NOT NULL,
  `nombreAli` varchar(30) NOT NULL,
  `calorias` int(8) NOT NULL,
  `gramos` int(8) NOT NULL,
  `proteinas` double(8,0) DEFAULT NULL,
  `hidratosCarbono` double(8,0) DEFAULT NULL,
  `lipidos` double(8,0) DEFAULT NULL,
  `idCategoria` int(11) NOT NULL,
  `fibra` double(8,0) DEFAULT NULL,
  `calcio` double(9,0) DEFAULT NULL,
  `magnesio` double(9,0) DEFAULT NULL,
  `fosforo` double(9,0) DEFAULT NULL,
  `hierro` double(9,0) DEFAULT NULL,
  `sodio` double(9,0) DEFAULT NULL,
  `potasio` double(9,0) DEFAULT NULL,
  `cobre` double(9,0) DEFAULT NULL,
  `zinc` double(9,0) DEFAULT NULL,
  `manganeso` double(9,0) DEFAULT NULL
) ENGINE=InnoDB DEFAULT CHARSET=utf8;

--
-- Volcado de datos para la tabla `alimento`
--

INSERT INTO `alimento` (`idAlimento`, `nombreAli`, `calorias`, `gramos`, `proteinas`, `hidratosCarbono`, `lipidos`, `idCategoria`, `fibra`, `calcio`, `magnesio`, `fosforo`, `hierro`, `sodio`, `potasio`, `cobre`, `zinc`, `manganeso`) VALUES
(1, 'Arroz, integral, cozido', 124, 100, 3, 26, 1, 1, 3, 5, 59, 106, 0, 1, 75, 0, 1, 1),
(2, 'Arroz, integral, cru', 360, 100, 7, 77, 2, 1, 5, 8, 110, 251, 1, 2, 173, 0, 1, 3),
(3, 'Arroz, tipo 1, cozido', 128, 100, 3, 28, 0, 1, 2, 4, 2, 18, 0, 1, 15, 0, 0, 0),
(4, 'Arroz, tipo 1, cru', 358, 100, 7, 79, 0, 1, 2, 4, 30, 104, 1, 1, 62, 0, 1, 1),
(5, 'Arroz, tipo 2, cozido', 130, 100, 3, 28, 0, 1, 1, 3, 6, 22, 0, 2, 20, 0, 1, 0),
(6, 'Arroz, tipo 2, cru', 358, 100, 7, 79, 0, 1, 2, 5, 29, 82, 1, 1, 57, 0, 1, 1),
(7, 'Aveia, flocos, crua', 394, 100, 14, 67, 8, 1, 9, 48, 119, 153, 4, 5, 336, 0, 3, 2),
(8, 'Biscoito, doce, maisena', 443, 100, 8, 75, 12, 1, 2, 54, 37, 166, 2, 352, 142, 0, 1, 1),
(9, 'Biscoito, doce, recheado com c', 472, 100, 6, 71, 20, 1, 3, 27, 48, 139, 2, 239, 232, 0, 1, 1),
(10, 'Biscoito, doce, recheado com m', 471, 100, 6, 71, 20, 1, 2, 36, 27, 138, 1, 230, 113, 0, 1, 1),
(11, 'Biscoito, doce, wafer, rechead', 502, 100, 6, 68, 25, 1, 2, 23, 48, 124, 2, 137, 240, 0, 1, 0),
(12, 'Biscoito, doce, wafer, rechead', 513, 100, 5, 67, 26, 1, 1, 14, 19, 73, 1, 120, 75, 0, 1, 0),
(13, 'Biscoito, salgado, cream crack', 432, 100, 10, 69, 14, 1, 3, 20, 40, 148, 2, 854, 181, 0, 1, 1),
(14, 'Bolo, mistura para', 419, 100, 6, 85, 6, 1, 2, 59, 28, 333, 1, 463, 75, 0, 1, 0),
(15, 'Bolo, pronto, aipim', 324, 100, 4, 48, 13, 1, 1, 85, 10, 122, 0, 111, 135, 0, 0, 0),
(16, 'Bolo, pronto, chocolate', 410, 100, 6, 55, 18, 1, 1, 75, 28, 197, 2, 283, 212, 0, 1, 0),
(17, 'Bolo, pronto, coco', 333, 100, 6, 52, 11, 1, 1, 57, 16, 303, 1, 190, 143, 0, 1, 0),
(18, 'Bolo, pronto, milho', 311, 100, 5, 45, 12, 1, 1, 83, 10, 128, 1, 134, 118, 0, 0, 0),
(19, 'Canjica, branca, crua', 358, 100, 7, 78, 1, 1, 5, 2, 12, 48, 0, 1, 93, 0, 0, 0),
(20, 'Canjica, com leite integral', 112, 100, 2, 24, 1, 1, 1, 43, 6, 41, 0, 28, 70, 0, 0, 0),
(21, 'Cereais, milho, flocos, com sa', 370, 100, 7, 81, 2, 1, 5, 2, 20, 91, 1, 272, 69, 0, 1, 0),
(22, 'Cereais, milho, flocos, sem sa', 363, 100, 7, 80, 1, 1, 2, 2, 17, 58, 2, 31, 29, 0, 0, 0),
(23, 'Cereais, mingau, milho, infant', 394, 100, 6, 87, 1, 1, 3, 219, 16, 169, 3, 399, 82, 0, 0, 0),
(24, 'Cereais, mistura para vitamina', 381, 100, 9, 82, 2, 1, 5, 584, 72, 515, 13, 1163, 244, 0, 2, 2),
(25, 'Cereal matinal, milho', 365, 100, 7, 84, 1, 1, 4, 143, 11, 101, 3, 655, 83, 0, 8, 0),
(26, 'Cereal matinal, milho, açúcar', 377, 100, 5, 89, 1, 1, 2, 56, 8, 43, 4, 405, 52, 0, 8, 0),
(27, 'Creme de arroz, pó', 386, 100, 7, 84, 1, 1, 1, 7, 51, 153, 1, 1, 115, 0, 2, 1),
(28, 'Creme de milho, pó', 333, 100, 5, 86, 2, 1, 4, 323, 30, 303, 4, 594, 166, 0, 1, 0),
(29, 'Curau, milho verde', 78, 100, 2, 14, 2, 1, 0, 53, 16, 75, 0, 21, 162, 0, 0, 0),
(30, 'Curau, milho verde, mistura pa', 402, 100, 2, 80, 13, 1, 3, 31, 9, 45, 1, 223, 55, 0, 0, 0),
(31, 'Farinha, de arroz, enriquecida', 363, 100, 1, 86, 0, 1, 1, 1, 4, 36, 31, 17, 13, 0, 8, 0),
(32, 'Farinha, de centeio, integral', 336, 100, 13, 73, 2, 1, 15, 34, 120, 340, 5, 41, 334, 1, 3, 4),
(33, 'Farinha, de milho, amarela', 351, 100, 7, 79, 1, 1, 5, 1, 31, 84, 2, 45, 58, 0, 1, 0),
(34, 'Farinha, de rosca', 371, 100, 11, 76, 1, 1, 5, 35, 57, 195, 7, 332, 212, 0, 2, 2),
(35, 'Farinha, de trigo', 360, 100, 10, 75, 1, 1, 2, 18, 31, 115, 1, 1, 151, 0, 1, 0),
(36, 'Farinha, láctea, de cereais', 415, 100, 12, 78, 6, 1, 2, 196, 58, 296, 9, 125, 366, 0, 2, 1),
(37, 'Lasanha, massa fresca, cozida', 164, 100, 6, 33, 1, 1, 2, 10, 4, 42, 1, 207, 54, 0, 0, 0),
(38, 'Lasanha, massa fresca, crua', 220, 100, 7, 45, 1, 1, 2, 17, 13, 82, 2, 667, 137, 0, 1, 0),
(39, 'Macarrão, instantâneo', 436, 100, 9, 62, 17, 1, 6, 18, 19, 112, 1, 1516, 148, 0, 1, 0),
(40, 'Macarrão, trigo, cru', 371, 100, 10, 78, 1, 1, 3, 17, 28, 100, 1, 7, 147, 0, 1, 1),
(41, 'Macarrão, trigo, cru, com ovos', 371, 100, 10, 77, 2, 1, 2, 19, 0, 118, 1, 15, 134, 0, 1, 0),
(42, 'Milho, amido, cru', 361, 100, 1, 87, 0, 1, 1, 1, 3, 13, 0, 8, 9, 0, 0, 0),
(43, 'Milho, fubá, cru', 353, 100, 7, 79, 2, 1, 5, 3, 41, 108, 1, 0, 168, 0, 1, 0),
(44, 'Milho, verde, cru', 138, 100, 7, 29, 1, 1, 4, 2, 33, 113, 0, 1, 185, 0, 1, 0),
(45, 'Milho, verde, enlatado, drenad', 98, 100, 3, 17, 2, 1, 5, 2, 20, 61, 1, 260, 162, 0, 0, 0),
(46, 'Mingau tradicional, pó', 373, 100, 1, 89, 0, 1, 1, 522, 4, 273, 42, 15, 0, 0, 15, 0),
(47, 'Pamonha, barra para cozimento,', 171, 100, 3, 31, 5, 1, 2, 4, 15, 55, 0, 132, 125, 0, 0, 0),
(48, 'Pão, aveia, forma', 343, 100, 12, 60, 6, 1, 6, 109, 57, 182, 5, 606, 210, 0, 2, 1),
(49, 'Pão, de soja', 309, 100, 11, 57, 4, 1, 6, 90, 48, 153, 3, 663, 296, 0, 1, 1),
(50, 'Pão, glúten, forma', 253, 100, 12, 44, 3, 1, 2, 156, 24, 105, 6, 22, 65, 0, 1, 1),
(51, 'Pão, milho, forma', 292, 100, 8, 56, 3, 1, 4, 78, 29, 110, 3, 507, 89, 0, 1, 0),
(52, 'Pão, trigo, forma, integral', 253, 100, 9, 50, 4, 1, 7, 132, 60, 193, 3, 506, 163, 0, 2, 2),
(53, 'Pão, trigo, francês', 300, 100, 8, 59, 3, 1, 2, 16, 25, 95, 0, 648, 142, 0, 1, 0),
(54, 'Pão, trigo, sovado', 311, 100, 8, 61, 3, 1, 2, 52, 22, 101, 2, 431, 91, 0, 3, 0),
(55, 'Pastel, de carne, cru', 289, 100, 11, 42, 9, 1, 1, 17, 18, 117, 2, 1309, 166, 0, 2, 0),
(56, 'Pastel, de carne, frito', 388, 100, 10, 44, 20, 1, 1, 13, 14, 90, 3, 1040, 156, 0, 1, 0),
(57, 'Pastel, de queijo, cru', 308, 100, 10, 46, 10, 1, 1, 155, 16, 168, 1, 985, 103, 0, 1, 0),
(58, 'Pastel, de queijo, frito', 422, 100, 9, 48, 23, 1, 1, 126, 15, 124, 1, 821, 124, 0, 1, 0),
(59, 'Pastel, massa, crua', 310, 100, 7, 57, 5, 1, 1, 13, 14, 73, 1, 1344, 167, 0, 1, 0),
(60, 'Pastel, massa, frita', 570, 100, 6, 49, 41, 1, 1, 11, 13, 62, 1, 1175, 143, 0, 1, 0),
(61, 'Pipoca, com óleo de soja, sem ', 448, 100, 10, 70, 16, 1, 14, 3, 91, 225, 1, 4, 256, 0, 2, 1),
(62, 'Polenta, pré-cozida', 103, 100, 2, 23, 0, 1, 2, 1, 4, 17, 0, 442, 100, 0, 0, 0),
(63, 'Torrada, pão francês', 377, 100, 11, 75, 3, 1, 3, 19, 32, 114, 1, 829, 189, 0, 1, 1),
(64, 'Abóbora, cabotian, cozida', 48, 100, 1, 11, 1, 2, 2, 8, 9, 33, 0, 1, 199, 0, 0, 0),
(65, 'Abóbora, cabotian, crua', 39, 100, 2, 8, 1, 2, 2, 18, 9, 26, 0, 0, 351, 0, 0, 0),
(66, 'Abóbora, menina brasileira, cr', 14, 100, 1, 3, 0, 2, 1, 9, 4, 12, 0, 0, 165, 0, 0, 0),
(67, 'Abóbora, moranga, crua', 12, 100, 1, 3, 0, 2, 2, 3, 2, 8, 0, 0, 125, 0, 0, 0),
(68, 'Abóbora, moranga, refogada', 29, 100, 0, 6, 1, 2, 2, 19, 7, 12, 0, 3, 183, 0, 0, 0),
(69, 'Abóbora, pescoço, crua', 24, 100, 1, 6, 0, 2, 2, 9, 7, 32, 0, 1, 264, 0, 0, 0),
(70, 'Abobrinha, italiana, cozida', 15, 100, 1, 3, 0, 2, 2, 17, 17, 22, 0, 1, 126, 0, 0, 0),
(71, 'Abobrinha, italiana, crua', 19, 100, 1, 4, 0, 2, 1, 15, 20, 32, 0, 0, 253, 0, 0, 0),
(72, 'Abobrinha, italiana, refogada', 24, 100, 1, 4, 1, 2, 1, 21, 13, 32, 0, 2, 194, 0, 0, 0),
(73, 'Abobrinha, paulista, crua', 31, 100, 1, 8, 0, 2, 3, 19, 9, 33, 0, 1, 213, 0, 0, 0),
(74, 'Acelga, crua', 21, 100, 1, 5, 0, 2, 1, 43, 10, 40, 0, 1, 240, 0, 0, 0),
(75, 'Agrião, cru', 17, 100, 3, 2, 0, 2, 2, 133, 18, 51, 3, 7, 218, 0, 1, 0),
(76, 'Aipo, cru', 19, 100, 1, 4, 0, 2, 1, 65, 9, 28, 1, 10, 274, 0, 0, 0),
(77, 'Alface, americana, crua', 9, 100, 1, 2, 0, 2, 1, 14, 6, 19, 0, 7, 136, 0, 0, 0),
(78, 'Alface, crespa, crua', 11, 100, 1, 2, 0, 2, 2, 38, 11, 26, 0, 3, 267, 0, 0, 0),
(79, 'Alface, lisa, crua', 14, 100, 2, 2, 0, 2, 2, 28, 9, 26, 1, 4, 349, 0, 0, 0),
(80, 'Alface, roxa, crua', 13, 100, 1, 2, 0, 2, 2, 34, 9, 51, 2, 7, 308, 0, 0, 0),
(81, 'Alfavaca, crua', 29, 100, 3, 5, 0, 2, 4, 258, 84, 50, 1, 5, 261, 0, 1, 0),
(82, 'Alho, cru', 113, 100, 7, 24, 0, 2, 4, 14, 21, 149, 1, 5, 535, 0, 1, 0),
(83, 'Alho-poró, cru', 32, 100, 1, 7, 0, 2, 3, 34, 11, 36, 1, 2, 224, 0, 0, 0),
(84, 'Almeirão, cru', 18, 100, 2, 3, 0, 2, 3, 19, 21, 40, 1, 2, 369, 0, 0, 0),
(85, 'Almeirão, refogado', 65, 100, 2, 6, 5, 2, 3, 63, 17, 31, 2, 15, 315, 0, 0, 0),
(86, 'Batata, baroa, cozida', 80, 100, 1, 19, 0, 2, 2, 12, 8, 29, 0, 2, 258, 0, 0, 0),
(87, 'Batata, baroa, crua', 101, 100, 1, 24, 0, 2, 2, 17, 12, 45, 0, 0, 505, 0, 0, 0),
(88, 'Batata, doce, cozida', 77, 100, 1, 18, 0, 2, 2, 17, 11, 15, 0, 3, 148, 0, 0, 0),
(89, 'Batata, doce, crua', 118, 100, 1, 28, 0, 2, 3, 21, 17, 36, 0, 9, 340, 0, 0, 0),
(90, 'Batata, frita, tipo chips, ind', 543, 100, 6, 51, 37, 2, 2, 12, 24, 96, 1, 607, 1014, 0, 1, 0),
(91, 'Batata, inglesa, cozida', 52, 100, 1, 12, 0, 2, 1, 4, 5, 24, 0, 2, 161, 0, 0, 0),
(92, 'Batata, inglesa, crua', 64, 100, 2, 15, 0, 2, 1, 4, 15, 39, 0, 0, 302, 0, 0, 0),
(93, 'Batata, inglesa, frita', 267, 100, 5, 36, 13, 2, 8, 6, 14, 70, 0, 2, 489, 0, 0, 0),
(94, 'Batata, inglesa, sauté', 68, 100, 1, 14, 1, 2, 1, 4, 6, 32, 0, 8, 199, 0, 0, 0),
(95, 'Berinjela, cozida', 19, 100, 1, 4, 0, 2, 3, 11, 9, 15, 0, 1, 105, 0, 0, 0),
(96, 'Berinjela, crua', 20, 100, 1, 4, 0, 2, 3, 9, 13, 20, 0, 0, 205, 0, 0, 0),
(97, 'Beterraba, cozida', 32, 100, 1, 7, 0, 2, 2, 15, 17, 30, 0, 23, 245, 0, 0, 0),
(98, 'Beterraba, crua', 49, 100, 2, 11, 0, 2, 3, 18, 24, 19, 0, 10, 375, 0, 1, 1),
(99, 'Biscoito, polvilho doce', 438, 100, 1, 81, 12, 2, 1, 30, 6, 23, 2, 98, 54, 0, 0, 0),
(100, 'Brócolis, cozido', 25, 100, 2, 4, 0, 2, 3, 51, 15, 33, 1, 2, 119, 0, 0, 0),
(101, 'Brócolis, cru', 25, 100, 4, 4, 0, 2, 3, 86, 30, 78, 1, 3, 322, 0, 0, 0),
(102, 'Cará, cozido', 78, 100, 2, 19, 0, 2, 3, 5, 15, 28, 0, 1, 203, 0, 0, 0),
(103, 'Cará, cru', 96, 100, 2, 23, 0, 2, 7, 4, 11, 35, 0, 0, 212, 0, 0, 0),
(104, 'Caruru, cru', 34, 100, 3, 6, 1, 2, 4, 455, 197, 77, 4, 14, 279, 0, 6, 1),
(105, 'Catalonha, crua', 24, 100, 2, 5, 0, 2, 2, 57, 17, 32, 3, 9, 412, 0, 0, 0),
(106, 'Catalonha, refogada', 63, 100, 2, 5, 5, 2, 4, 63, 16, 35, 1, 25, 452, 0, 0, 1),
(107, 'Cebola, crua', 39, 100, 2, 9, 0, 2, 2, 0, 12, 38, 0, 1, 176, 0, 0, 0),
(108, 'Cebolinha, crua', 20, 100, 2, 3, 0, 2, 4, 80, 25, 27, 1, 2, 206, 0, 0, 0),
(109, 'Cenoura, cozida', 30, 100, 1, 7, 0, 2, 3, 26, 14, 27, 0, 8, 176, 0, 0, 0),
(110, 'Cenoura, crua', 34, 100, 1, 8, 0, 2, 3, 23, 11, 28, 0, 3, 315, 0, 0, 0),
(111, 'Chicória, crua', 14, 100, 1, 3, 0, 2, 2, 45, 14, 13, 0, 14, 425, 0, 0, 0),
(112, 'Chuchu, cozido', 19, 100, 0, 5, 0, 2, 1, 8, 7, 13, 0, 2, 54, 0, 0, 0),
(113, 'Chuchu, cru', 17, 100, 1, 4, 0, 2, 1, 12, 7, 18, 0, 0, 126, 0, 0, 0),
(114, 'Coentro, folhas desidratadas', 309, 100, 21, 48, 10, 2, 37, 784, 393, 388, 81, 18, 3223, 4, 5, 10),
(115, 'Couve, manteiga, crua', 27, 100, 3, 4, 1, 2, 3, 131, 35, 49, 0, 6, 403, 0, 0, 1),
(116, 'Couve, manteiga, refogada', 90, 100, 2, 9, 7, 2, 6, 177, 26, 33, 0, 11, 315, 0, 0, 0),
(117, 'Couve-flor, crua', 23, 100, 2, 5, 0, 2, 2, 18, 12, 57, 1, 3, 256, 0, 0, 0),
(118, 'Couve-flor, cozida', 19, 100, 1, 4, 0, 2, 2, 16, 5, 25, 0, 2, 80, 0, 0, 0),
(119, 'Espinafre, Nova Zelândia, cru', 16, 100, 2, 3, 0, 2, 2, 98, 82, 25, 0, 17, 336, 0, 0, 1),
(120, 'Espinafre, Nova Zelândia, refo', 67, 100, 3, 4, 5, 2, 3, 112, 123, 34, 1, 47, 149, 0, 1, 1),
(121, 'Farinha, de mandioca, crua', 361, 100, 2, 88, 0, 2, 6, 65, 0, 42, 1, 1, 340, 0, 0, 0),
(122, 'Farinha, de mandioca, torrada', 365, 100, 1, 89, 0, 2, 7, 76, 40, 39, 1, 10, 328, 0, 0, 0),
(123, 'Farinha, de puba', 360, 100, 2, 87, 0, 2, 4, 41, 27, 33, 1, 4, 338, 0, 0, 0),
(124, 'Fécula, de mandioca', 331, 100, 1, 81, 0, 2, 1, 12, 3, 60, 0, 2, 48, 0, 0, 0),
(125, 'Feijão, broto, cru', 39, 100, 4, 8, 0, 2, 2, 14, 25, 75, 1, 2, 189, 0, 1, 0),
(126, 'Inhame, cru', 97, 100, 2, 23, 0, 2, 2, 12, 29, 65, 0, 0, 568, 0, 0, 0),
(127, 'Jiló, cru', 27, 100, 1, 6, 0, 2, 5, 20, 21, 29, 0, 0, 213, 0, 0, 0),
(128, 'Jurubeba, crua', 126, 100, 4, 23, 4, 2, 24, 151, 65, 155, 1, 1, 619, 1, 1, 1),
(129, 'Mandioca, cozida', 125, 100, 1, 30, 0, 2, 2, 19, 27, 22, 0, 1, 100, 0, 0, 0),
(130, 'Mandioca, crua', 151, 100, 1, 36, 0, 2, 2, 15, 44, 29, 0, 2, 208, 0, 0, 0),
(131, 'Mandioca, farofa, temperada', 406, 100, 2, 80, 9, 2, 8, 66, 34, 45, 1, 575, 201, 0, 0, 0),
(132, 'Mandioca, frita', 300, 100, 1, 50, 11, 2, 2, 23, 95, 57, 0, 9, 176, 0, 0, 0),
(133, 'Manjericão, cru', 21, 100, 2, 4, 0, 2, 3, 211, 58, 40, 1, 4, 252, 0, 0, 0),
(134, 'Maxixe, cru', 14, 100, 1, 3, 0, 2, 2, 21, 10, 25, 0, 11, 328, 0, 0, 0),
(135, 'Mostarda, folha, crua', 18, 100, 2, 3, 0, 2, 2, 68, 16, 58, 1, 3, 364, 0, 0, 0),
(136, 'Nhoque, batata, cozido', 181, 100, 6, 37, 2, 2, 2, 11, 18, 68, 2, 7, 164, 0, 0, 0),
(137, 'Nabo, cru', 18, 100, 1, 4, 0, 2, 3, 42, 15, 17, 0, 2, 280, 0, 0, 4),
(138, 'Palmito, Juçara, em conserva', 23, 100, 2, 4, 0, 2, 3, 58, 34, 40, 0, 514, 244, 0, 1, 11),
(139, 'Palmito, pupunha, em conserva', 29, 100, 2, 6, 0, 2, 3, 32, 25, 55, 0, 563, 206, 0, 0, 0),
(140, 'Pão, de queijo, assado', 363, 100, 5, 34, 25, 2, 1, 102, 8, 94, 0, 773, 93, 0, 1, 0),
(141, 'Pão, de queijo, cru', 295, 100, 4, 39, 14, 2, 1, 88, 7, 79, 0, 405, 58, 0, 0, 0),
(142, 'Pepino, cru', 10, 100, 1, 2, 0, 2, 1, 10, 9, 12, 0, 0, 154, 0, 0, 0),
(143, 'Pimentão, amarelo, cru', 28, 100, 1, 6, 0, 2, 2, 10, 11, 22, 0, 0, 221, 0, 0, 0),
(144, 'Pimentão, verde, cru', 21, 100, 1, 5, 0, 2, 3, 9, 8, 17, 0, 0, 174, 0, 0, 0),
(145, 'Pimentão, vermelho, cru', 23, 100, 1, 5, 0, 2, 2, 6, 11, 20, 0, 0, 211, 0, 0, 0),
(146, 'Polvilho, doce', 351, 100, 0, 87, 0, 2, 0, 27, 4, 8, 1, 2, 38, 0, 0, 0),
(147, 'Quiabo, cru', 30, 100, 2, 6, 0, 2, 5, 112, 50, 56, 0, 1, 249, 0, 1, 0),
(148, 'Rabanete, cru', 14, 100, 1, 3, 0, 2, 2, 21, 10, 25, 0, 11, 328, 0, 0, 0),
(149, 'Repolho, branco, cru', 17, 100, 1, 4, 0, 2, 2, 35, 9, 14, 0, 4, 150, 0, 0, 0),
(150, 'Repolho, roxo, cru', 31, 100, 2, 7, 0, 2, 2, 44, 18, 58, 1, 2, 328, 1, 0, 0),
(151, 'Repolho, roxo, refogado', 42, 100, 2, 8, 1, 2, 2, 43, 17, 59, 0, 3, 321, 0, 0, 0),
(152, 'Rúcula, crua', 13, 100, 2, 2, 0, 2, 2, 117, 18, 25, 1, 9, 233, 0, 0, 0),
(153, 'Salsa, crua', 33, 100, 3, 6, 1, 2, 2, 179, 21, 49, 3, 2, 711, 0, 1, 2),
(154, 'Seleta de legumes, enlatada', 57, 100, 3, 13, 0, 2, 3, 16, 16, 49, 1, 398, 122, 0, 1, 0),
(155, 'Serralha, crua', 30, 100, 3, 5, 1, 2, 4, 126, 30, 48, 1, 19, 265, 0, 1, 0),
(156, 'Taioba, crua', 34, 100, 3, 5, 1, 2, 4, 141, 38, 53, 2, 1, 290, 0, 1, 1),
(157, 'Tomate, com semente, cru', 15, 100, 1, 3, 0, 2, 1, 7, 11, 20, 0, 1, 222, 0, 0, 0),
(158, 'Tomate, extrato', 61, 100, 2, 15, 0, 2, 3, 29, 29, 47, 2, 498, 680, 0, 0, 0),
(159, 'Tomate, molho industrializado', 38, 100, 1, 8, 1, 2, 3, 12, 17, 27, 2, 418, 388, 0, 0, 0),
(160, 'Tomate, purê', 28, 100, 1, 7, 0, 2, 1, 13, 15, 30, 1, 104, 308, 0, 0, 0),
(161, 'Tomate, salada', 21, 100, 1, 5, 0, 2, 2, 7, 10, 23, 0, 5, 161, 0, 0, 0),
(162, 'Vagem, crua', 25, 100, 2, 5, 0, 2, 2, 41, 18, 28, 0, 0, 208, 0, 0, 0),
(163, 'Abacate, cru', 96, 100, 1, 6, 8, 3, 6, 8, 15, 22, 0, 0, 206, 0, 0, 0),
(164, 'Abacaxi, cru', 48, 100, 1, 12, 0, 3, 1, 22, 18, 13, 0, 0, 131, 0, 0, 2),
(165, 'Abacaxi, polpa, congelada', 31, 100, 0, 8, 0, 3, 0, 14, 10, 8, 0, 1, 107, 0, 0, 1),
(166, 'Abiu, cru', 62, 100, 1, 15, 1, 3, 2, 6, 9, 20, 0, 0, 128, 0, 0, 0),
(167, 'Açaí, polpa, com xarope de gua', 110, 100, 1, 21, 4, 3, 2, 22, 13, 11, 0, 15, 75, 0, 0, 3),
(168, 'Açaí, polpa, congelada', 58, 100, 1, 6, 4, 3, 3, 35, 17, 16, 0, 5, 124, 0, 0, 6),
(169, 'Acerola, crua', 33, 100, 1, 8, 0, 3, 2, 13, 13, 9, 0, 0, 165, 0, 0, 0),
(170, 'Acerola, polpa, congelada', 22, 100, 1, 6, 0, 3, 1, 8, 9, 13, 0, 1, 112, 0, 0, 0),
(171, 'Ameixa, calda, enlatada', 183, 100, 0, 47, 0, 3, 1, 13, 10, 21, 2, 3, 221, 0, 0, 0),
(172, 'Ameixa, crua', 53, 100, 1, 14, 0, 3, 2, 6, 5, 14, 0, 0, 134, 0, 0, 0),
(173, 'Ameixa, em calda, enlatada, dr', 177, 100, 1, 48, 0, 3, 5, 39, 14, 26, 3, 3, 263, 0, 0, 0),
(174, 'Atemóia, crua', 97, 100, 1, 25, 0, 3, 2, 23, 25, 23, 0, 1, 300, 0, 0, 0),
(175, 'Banana, da terra, crua', 128, 100, 1, 34, 0, 3, 2, 4, 24, 26, 0, 0, 328, 0, 0, 0),
(176, 'Banana, doce em barra', 280, 100, 2, 76, 0, 3, 4, 12, 49, 37, 1, 10, 518, 0, 0, 1),
(177, 'Banana, figo, crua', 105, 100, 1, 28, 0, 3, 3, 6, 30, 16, 0, 0, 387, 0, 0, 0),
(178, 'Banana, maçã, crua', 87, 100, 2, 22, 0, 3, 3, 3, 24, 29, 0, 0, 264, 0, 0, 1),
(179, 'Banana, nanica, crua', 92, 100, 1, 24, 0, 3, 2, 3, 28, 27, 0, 0, 376, 0, 0, 0),
(180, 'Banana, ouro, crua', 112, 100, 1, 29, 0, 3, 2, 3, 28, 22, 0, 0, 355, 0, 0, 0),
(181, 'Banana, pacova, crua', 78, 100, 1, 20, 0, 3, 2, 5, 30, 20, 0, 1, 267, 0, 0, 0),
(182, 'Banana, prata, crua', 98, 100, 1, 26, 0, 3, 2, 8, 26, 22, 0, 0, 358, 0, 0, 0),
(183, 'Cacau, cru', 74, 100, 1, 19, 0, 3, 2, 12, 25, 9, 0, 1, 72, 0, 1, 0),
(184, 'Cajá-Manga, cru', 46, 100, 1, 11, 0, 3, 3, 13, 11, 24, 0, 1, 119, 0, 0, 0),
(185, 'Cajá, polpa, congelada', 26, 100, 1, 6, 0, 3, 1, 9, 7, 26, 0, 7, 148, 0, 0, 0),
(186, 'Caju, cru', 43, 100, 1, 10, 0, 3, 2, 1, 10, 16, 0, 3, 124, 0, 0, 0),
(187, 'Caju, polpa, congelada', 37, 100, 0, 9, 0, 3, 1, 1, 7, 10, 0, 4, 88, 0, 0, 0),
(188, 'Caju, suco concentrado, envasa', 45, 100, 0, 11, 0, 3, 1, 1, 8, 11, 0, 45, 107, 0, 0, 0),
(189, 'Caqui, chocolate, cru', 71, 100, 0, 19, 0, 3, 7, 18, 9, 18, 0, 2, 164, 0, 0, 0),
(190, 'Carambola, crua', 46, 100, 1, 11, 0, 3, 2, 5, 7, 11, 0, 4, 133, 0, 0, 0),
(191, 'Ciriguela, crua', 76, 100, 1, 19, 0, 3, 4, 27, 18, 49, 0, 2, 248, 0, 1, 0),
(192, 'Cupuaçu, cru', 49, 100, 1, 10, 1, 3, 3, 13, 18, 21, 0, 3, 331, 0, 0, 0),
(193, 'Cupuaçu, polpa, congelada', 49, 100, 1, 11, 1, 3, 2, 5, 14, 14, 0, 1, 291, 0, 0, 0),
(194, 'Figo, cru', 41, 100, 1, 10, 0, 3, 2, 27, 11, 15, 0, 0, 174, 0, 0, 0),
(195, 'Figo, enlatado, em calda', 184, 100, 1, 50, 0, 3, 2, 33, 7, 6, 1, 7, 39, 0, 0, 0),
(196, 'Fruta-pão, crua', 67, 100, 1, 17, 0, 3, 6, 34, 24, 27, 0, 1, 188, 0, 0, 0),
(197, 'Goiaba, branca, com casca, cru', 52, 100, 1, 12, 0, 3, 6, 5, 7, 16, 0, 0, 220, 0, 0, 0),
(198, 'Goiaba, doce em pasta', 269, 100, 1, 74, 0, 3, 4, 10, 6, 54, 0, 4, 165, 0, 0, 0),
(199, 'Goiaba, doce, cascão', 286, 100, 0, 79, 0, 3, 4, 15, 10, 28, 0, 11, 251, 0, 0, 0),
(200, 'Goiaba, vermelha, com casca, c', 54, 100, 1, 13, 0, 3, 6, 4, 7, 15, 0, 0, 198, 0, 0, 0),
(201, 'Graviola, crua', 62, 100, 1, 16, 0, 3, 2, 40, 23, 19, 0, 4, 250, 0, 0, 0),
(202, 'Graviola, polpa, congelada', 38, 100, 1, 10, 0, 3, 1, 6, 10, 17, 0, 3, 170, 0, 0, 0),
(203, 'Jabuticaba, crua', 58, 100, 1, 15, 0, 3, 2, 8, 18, 15, 0, 0, 130, 0, 0, 0),
(204, 'Jaca, crua', 88, 100, 1, 22, 0, 3, 2, 11, 40, 14, 0, 2, 234, 0, 0, 0),
(205, 'Jambo, cru', 27, 100, 1, 6, 0, 3, 5, 14, 14, 18, 0, 22, 135, 0, 0, 0),
(206, 'Jamelão, cru', 41, 100, 1, 11, 0, 3, 2, 3, 2, 4, 0, 1, 394, 0, 0, 0),
(207, 'Kiwi, cru', 51, 100, 1, 11, 1, 3, 3, 24, 11, 33, 0, 0, 269, 0, 0, 0),
(208, 'Laranja, baía, crua', 45, 100, 1, 11, 0, 3, 1, 35, 9, 24, 0, 0, 174, 0, 0, 0),
(209, 'Laranja, baía, suco', 37, 100, 1, 9, 0, 3, 0, 6, 8, 22, 0, 0, 173, 0, 0, 0),
(210, 'Laranja, da terra, crua', 51, 100, 1, 13, 0, 3, 4, 51, 14, 20, 0, 1, 173, 0, 0, 0),
(211, 'Laranja, da terra, suco', 41, 100, 1, 10, 0, 3, 1, 13, 10, 15, 0, 0, 145, 0, 0, 0),
(212, 'Laranja, lima, crua', 46, 100, 1, 12, 0, 3, 2, 31, 10, 15, 0, 1, 130, 0, 0, 0),
(213, 'Laranja, lima, suco', 39, 100, 1, 9, 0, 3, 0, 8, 11, 16, 0, 0, 129, 0, 0, 0),
(214, 'Laranja, pêra, crua', 37, 100, 1, 9, 0, 3, 1, 22, 9, 23, 0, 0, 163, 0, 0, 0),
(215, 'Laranja, pêra, suco', 33, 100, 1, 8, 0, 3, 0, 7, 8, 14, 0, 0, 149, 0, 0, 0),
(216, 'Laranja, valência, crua', 46, 100, 1, 12, 0, 3, 2, 34, 14, 20, 0, 1, 158, 0, 0, 0),
(217, 'Laranja, valência, suco', 36, 100, 0, 9, 0, 3, 0, 9, 10, 17, 0, 0, 143, 0, 0, 0),
(218, 'Limão, cravo, suco', 14, 100, 0, 5, 0, 3, 0, 10, 9, 11, 0, 0, 120, 0, 0, 0),
(219, 'Limão, galego, suco', 22, 100, 1, 7, 0, 3, 0, 5, 6, 13, 0, 0, 113, 0, 0, 0),
(220, 'Limão, tahiti, cru', 32, 100, 1, 11, 0, 3, 1, 51, 10, 24, 0, 1, 128, 0, 0, 0),
(221, 'Maçã, Argentina, com casca, cr', 63, 100, 0, 17, 0, 3, 2, 3, 5, 11, 0, 1, 117, 0, 0, 0),
(222, 'Maçã, Fuji, com casca, crua', 56, 100, 0, 15, 0, 3, 1, 2, 2, 9, 0, 0, 75, 0, 0, 0),
(223, 'Macaúba, crua', 404, 100, 2, 14, 41, 3, 13, 67, 66, 44, 1, 1, 306, 0, 1, 0),
(224, 'Mamão, doce em calda, drenado', 196, 100, 0, 54, 0, 3, 1, 20, 6, 4, 0, 3, 68, 0, 0, 0),
(225, 'Mamão, Formosa, cru', 45, 100, 1, 12, 0, 3, 2, 25, 17, 11, 0, 3, 222, 1, 0, 0),
(226, 'Mamão, Papaia, cru', 40, 100, 0, 10, 0, 3, 1, 22, 22, 11, 0, 2, 126, 0, 0, 0),
(227, 'Mamão verde, doce em calda, dr', 209, 100, 0, 58, 0, 3, 1, 12, 5, 3, 0, 5, 9, 0, 0, 0),
(228, 'Manga, Haden, crua', 64, 100, 0, 17, 0, 3, 2, 12, 8, 9, 0, 1, 148, 0, 0, 0),
(229, 'Manga, Palmer, crua', 72, 100, 0, 19, 0, 3, 2, 12, 9, 14, 0, 2, 157, 0, 0, 0),
(230, 'Manga, polpa, congelada', 48, 100, 0, 13, 0, 3, 1, 7, 9, 9, 0, 7, 131, 0, 0, 0),
(231, 'Manga, Tommy Atkins, crua', 51, 100, 1, 13, 0, 3, 2, 8, 7, 14, 0, 0, 138, 0, 0, 0),
(232, 'Maracujá, cru', 68, 100, 2, 12, 2, 3, 1, 5, 28, 51, 1, 2, 338, 0, 0, 0),
(233, 'Maracujá, polpa, congelada', 39, 100, 1, 10, 0, 3, 1, 5, 10, 15, 0, 8, 228, 0, 0, 0),
(234, 'Maracujá, suco concentrado, en', 42, 100, 1, 10, 0, 3, 0, 4, 4, 14, 0, 22, 201, 0, 0, 0),
(235, 'Melancia, crua', 33, 100, 1, 8, 0, 3, 0, 8, 10, 12, 0, 0, 104, 0, 0, 0),
(236, 'Melão, cru', 29, 100, 1, 8, 0, 3, 0, 3, 6, 10, 0, 11, 0, 0, 0, 0),
(237, 'Mexerica, Murcote, crua', 58, 100, 1, 15, 0, 3, 3, 33, 12, 19, 0, 1, 159, 0, 0, 0),
(238, 'Mexerica, Rio, crua', 37, 100, 1, 9, 0, 3, 3, 17, 8, 14, 0, 2, 125, 0, 0, 0),
(239, 'Morango, cru', 30, 100, 1, 7, 0, 3, 2, 11, 10, 22, 0, 0, 184, 0, 0, 0),
(240, 'Nêspera, crua', 43, 100, 0, 12, 0, 3, 3, 20, 10, 10, 0, 0, 113, 0, 0, 0),
(241, 'Pequi, cru', 205, 100, 2, 13, 18, 3, 19, 32, 30, 34, 0, 0, 298, 0, 1, 1),
(242, 'Pêra, Park, crua', 61, 100, 0, 16, 0, 3, 3, 9, 6, 12, 0, 1, 102, 0, 0, 0),
(243, 'Pêra, Williams, crua', 53, 100, 1, 14, 0, 3, 3, 8, 6, 12, 0, 0, 116, 0, 0, 0),
(244, 'Pêssego, Aurora, cru', 36, 100, 1, 9, 0, 3, 1, 3, 4, 15, 0, 0, 124, 0, 0, 0),
(245, 'Pêssego, enlatado, em calda', 63, 100, 1, 17, 0, 3, 1, 4, 4, 9, 1, 3, 95, 0, 0, 0),
(246, 'Pinha, crua', 88, 100, 1, 22, 0, 3, 3, 21, 31, 34, 0, 1, 283, 0, 0, 0),
(247, 'Pitanga, crua', 41, 100, 1, 10, 0, 3, 3, 18, 12, 13, 0, 2, 113, 0, 0, 0),
(248, 'Pitanga, polpa, congelada', 19, 100, 0, 5, 0, 3, 1, 8, 6, 12, 0, 5, 87, 0, 0, 0),
(249, 'Romã, crua', 56, 100, 0, 15, 0, 3, 0, 5, 13, 40, 0, 1, 485, 0, 1, 0),
(250, 'Tamarindo, cru', 276, 100, 3, 73, 0, 3, 6, 37, 59, 55, 1, 0, 723, 0, 1, 0),
(251, 'Tangerina, Poncã, crua', 38, 100, 1, 10, 0, 3, 1, 13, 8, 12, 0, 0, 131, 0, 0, 0),
(252, 'Tangerina, Poncã, suco', 36, 100, 1, 9, 0, 3, 0, 4, 6, 9, 0, 0, 119, 0, 0, 0),
(253, 'Tucumã, cru', 262, 100, 2, 26, 19, 3, 13, 46, 121, 53, 1, 4, 401, 0, 1, 1),
(254, 'Umbu, cru', 37, 100, 1, 9, 0, 3, 2, 12, 11, 13, 0, 0, 152, 0, 0, 0),
(255, 'Umbu, polpa, congelada', 34, 100, 1, 9, 0, 3, 1, 11, 8, 13, 0, 6, 154, 0, 0, 0),
(256, 'Uva, Itália, crua', 53, 100, 1, 14, 0, 3, 1, 7, 5, 12, 0, 0, 162, 0, 0, 0),
(257, 'Uva, Rubi, crua', 49, 100, 1, 13, 0, 3, 1, 8, 6, 23, 0, 8, 159, 0, 0, 0),
(258, 'Uva, suco concentrado, envasad', 58, 100, 0, 15, 0, 3, 0, 9, 7, 10, 0, 10, 54, 0, 0, 0),
(259, 'Azeite, de dendê', 884, 100, 0, 0, 0, 4, 0, 0, 0, 0, 0, 0, 0, 0, 0, 0),
(260, 'Azeite, de oliva, extra virgem', 884, 100, 0, 0, 0, 4, 0, 0, 0, 0, 0, 0, 0, 0, 0, 0),
(261, 'Manteiga, com sal', 726, 100, 0, 0, 82, 4, 0, 9, 1, 28, 0, 579, 15, 0, 0, 0),
(262, 'Manteiga, sem sal', 758, 100, 0, 0, 86, 4, 0, 4, 1, 7, 0, 4, 5, 0, 0, 0),
(263, 'Margarina, com óleo hidrogenad', 596, 100, 0, 0, 67, 4, 0, 6, 1, 7, 0, 894, 21, 0, 0, 0),
(264, 'Margarina, com óleo hidrogenad', 723, 100, 0, 0, 82, 4, 0, 3, 1, 4, 0, 78, 2, 0, 0, 0),
(265, 'Margarina, com óleo interester', 594, 100, 0, 0, 67, 4, 0, 5, 1, 6, 0, 561, 15, 0, 0, 0),
(266, 'Margarina, com óleo interester', 593, 100, 0, 0, 67, 4, 0, 5, 1, 7, 0, 33, 5, 0, 0, 0),
(267, 'Óleo, de babaçu', 884, 100, 0, 0, 0, 4, 0, 0, 0, 0, 0, 0, 0, 0, 0, 0),
(268, 'Óleo, de canola', 884, 100, 0, 0, 0, 4, 0, 0, 0, 0, 0, 0, 0, 0, 0, 0),
(269, 'Óleo, de girassol', 884, 100, 0, 0, 0, 4, 0, 0, 0, 0, 0, 0, 0, 0, 0, 0),
(270, 'Óleo, de milho', 884, 100, 0, 0, 0, 4, 0, 0, 0, 0, 0, 0, 0, 0, 0, 0),
(271, 'Óleo, de pequi', 884, 100, 0, 0, 0, 4, 0, 0, 0, 0, 0, 0, 0, 0, 0, 0),
(272, 'Óleo, de soja', 884, 100, 0, 0, 0, 4, 0, 0, 0, 0, 0, 0, 0, 0, 0, 0),
(273, 'Abadejo, filé, congelado, assa', 112, 100, 24, 0, 1, 5, 0, 23, 20, 338, 1, 334, 156, 0, 1, 0),
(274, 'Abadejo, filé, congelado,cozid', 91, 100, 19, 0, 1, 5, 0, 17, 16, 351, 0, 189, 146, 0, 0, 0),
(275, 'Abadejo, filé, congelado, cru', 59, 100, 13, 0, 0, 5, 0, 10, 14, 91, 0, 79, 148, 0, 0, 0),
(276, 'Abadejo, filé, congelado, grel', 130, 100, 28, 0, 1, 5, 0, 20, 22, 581, 0, 305, 279, 0, 0, 0),
(277, 'Atum, conserva em óleo', 166, 100, 26, 0, 6, 5, 0, 7, 29, 211, 1, 362, 280, 0, 1, 0),
(278, 'Atum, fresco, cru', 118, 100, 26, 0, 1, 5, 0, 7, 32, 254, 1, 30, 308, 0, 0, 0),
(279, 'Bacalhau, salgado, cru', 136, 100, 29, 0, 1, 5, 0, 157, 49, 186, 1, 13585, 434, 0, 1, 0),
(280, 'Bacalhau, salgado, refogado', 140, 100, 24, 1, 4, 5, 0, 59, 15, 51, 0, 1256, 50, 0, 1, 0),
(281, 'Cação, posta, com farinha de t', 208, 100, 25, 3, 10, 5, 1, 30, 26, 462, 1, 160, 420, 0, 1, 0),
(282, 'Cação, posta, cozida', 116, 100, 26, 0, 1, 5, 0, 10, 21, 204, 0, 115, 249, 0, 1, 0),
(283, 'Cação, posta, crua', 83, 100, 18, 0, 1, 5, 0, 9, 19, 181, 0, 176, 299, 0, 0, 0),
(284, 'Camarão, Rio Grande, grande, c', 90, 100, 19, 0, 1, 5, 0, 90, 19, 266, 1, 367, 102, 0, 1, 0),
(285, 'Camarão, Rio Grande, grande, c', 47, 100, 10, 0, 1, 5, 0, 51, 27, 234, 1, 201, 72, 0, 1, 0),
(286, 'Camarão, Sete Barbas, sem cabe', 231, 100, 18, 3, 16, 5, 0, 960, 74, 337, 2, 99, 107, 0, 1, 0),
(287, 'Caranguejo, cozido', 83, 100, 18, 0, 0, 5, 0, 357, 52, 154, 3, 360, 186, 1, 6, 0),
(288, 'Corimba, cru', 128, 100, 17, 0, 6, 5, 0, 40, 23, 190, 1, 47, 317, 0, 0, 0),
(289, 'Corimbatá, assado', 261, 100, 20, 0, 20, 5, 0, 22, 24, 221, 1, 40, 326, 0, 1, 0),
(290, 'Corimbatá, cozido', 239, 100, 20, 0, 17, 5, 0, 65, 23, 185, 1, 37, 254, 0, 1, 0),
(291, 'Corvina de água doce, crua', 101, 100, 19, 0, 2, 5, 0, 39, 24, 154, 0, 45, 293, 0, 0, 0),
(292, 'Corvina do mar, crua', 94, 100, 19, 0, 2, 5, 0, 0, 24, 183, 0, 68, 339, 0, 0, 0),
(293, 'Corvina grande, assada', 147, 100, 27, 0, 4, 5, 0, 60, 24, 176, 1, 85, 291, 0, 1, 0),
(294, 'Corvina grande, cozida', 100, 100, 23, 0, 3, 5, 0, 69, 22, 164, 1, 68, 194, 0, 1, 0),
(295, 'Dourada de água doce, fresca', 131, 100, 19, 0, 6, 5, 0, 12, 26, 189, 0, 40, 393, 0, 0, 0),
(296, 'Lambari, congelado, cru', 131, 100, 17, 0, 7, 5, 0, 1181, 45, 696, 1, 48, 244, 0, 3, 0),
(297, 'Lambari, congelado, frito', 327, 100, 28, 0, 23, 5, 0, 1881, 66, 1067, 1, 65, 331, 0, 6, 0),
(298, 'Lambari, fresco,cru', 152, 100, 16, 0, 9, 5, 0, 590, 32, 441, 1, 41, 207, 0, 2, 0),
(299, 'Manjuba, com farinha de trigo,', 344, 100, 23, 10, 23, 5, 0, 763, 47, 578, 3, 37, 319, 0, 4, 0),
(300, 'Manjuba, frita', 349, 100, 30, 0, 24, 5, 0, 575, 32, 735, 1, 41, 318, 0, 3, 0),
(301, 'Merluza, filé, assado', 122, 100, 27, 0, 1, 5, 0, 36, 20, 273, 0, 120, 364, 0, 1, 0),
(302, 'Merluza, filé, cru', 89, 100, 17, 0, 2, 5, 0, 20, 27, 185, 0, 80, 340, 0, 0, 0),
(303, 'Merluza, filé, frito', 192, 100, 27, 0, 8, 5, 0, 36, 38, 279, 0, 90, 447, 0, 1, 0),
(304, 'Pescada, branca, crua', 111, 100, 16, 0, 5, 5, 0, 16, 19, 136, 0, 76, 261, 0, 0, 0),
(305, 'Pescada, branca, frita', 223, 100, 27, 0, 12, 5, 0, 378, 30, 504, 1, 107, 355, 0, 1, 0),
(306, 'Pescada, filé, com farinha de ', 283, 100, 21, 5, 19, 5, 0, 26, 28, 216, 1, 91, 216, 0, 0, 0),
(307, 'Pescada, filé, cru', 107, 100, 17, 0, 4, 5, 0, 14, 23, 141, 0, 77, 253, 0, 0, 0),
(308, 'Pescada, filé, frito', 154, 100, 29, 0, 4, 5, 0, 10, 21, 204, 0, 115, 249, 0, 1, 0),
(309, 'Pescada, filé, molho escabeche', 142, 100, 12, 5, 8, 5, 1, 20, 18, 105, 1, 51, 208, 0, 0, 0),
(310, 'Pescadinha, crua', 76, 100, 15, 0, 1, 5, 0, 332, 34, 327, 1, 120, 304, 0, 1, 0),
(311, 'Pintado, assado', 192, 100, 36, 0, 4, 5, 0, 114, 42, 332, 1, 81, 527, 0, 2, 0),
(312, 'Pintado, cru', 91, 100, 19, 0, 1, 5, 0, 12, 24, 174, 0, 43, 294, 0, 0, 0),
(313, 'Pintado, grelhado', 152, 100, 31, 0, 2, 5, 0, 69, 27, 237, 0, 53, 360, 0, 1, 0),
(314, 'Porquinho, cru', 93, 100, 20, 0, 1, 5, 0, 26, 24, 207, 0, 67, 313, 0, 1, 0),
(315, 'Salmão, filé, com pele, fresco', 229, 100, 24, 0, 14, 5, 0, 29, 28, 300, 1, 85, 384, 0, 1, 0),
(316, 'Salmão, sem pele, fresco, cru', 170, 100, 19, 0, 10, 5, 0, 9, 27, 259, 0, 64, 376, 0, 0, 0),
(317, 'Salmão, sem pele, fresco, grel', 243, 100, 26, 0, 15, 5, 0, 15, 38, 352, 0, 96, 518, 0, 0, 0),
(318, 'Sardinha, assada', 164, 100, 32, 0, 3, 5, 0, 438, 51, 578, 1, 74, 574, 0, 2, 0),
(319, 'Sardinha, conserva em óleo', 285, 100, 16, 0, 24, 5, 0, 550, 35, 496, 4, 666, 367, 0, 2, 0),
(320, 'Sardinha, frita', 257, 100, 33, 0, 13, 5, 0, 482, 39, 629, 1, 60, 460, 0, 2, 0),
(321, 'Sardinha, inteira, crua', 114, 100, 21, 0, 3, 5, 0, 167, 29, 294, 1, 60, 312, 0, 1, 0),
(322, 'Tucunaré, filé, congelado, cru', 88, 100, 18, 0, 1, 5, 0, 19, 26, 168, 0, 57, 288, 0, 0, 0),
(323, 'Apresuntado', 129, 100, 13, 3, 7, 6, 0, 23, 15, 225, 1, 943, 270, 0, 2, 0),
(324, 'Caldo de carne, tablete', 241, 100, 8, 15, 17, 6, 1, 129, 22, 123, 0, 22180, 218, 0, 0, 0),
(325, 'Caldo de galinha, tablete', 251, 100, 6, 11, 20, 6, 12, 16, 13, 48, 1, 22300, 68, 0, 0, 0),
(326, 'Carne, bovina, acém, moído, co', 212, 100, 27, 0, 11, 6, 0, 4, 17, 164, 3, 52, 256, 0, 8, 0),
(327, 'Carne, bovina, acém, moído, cr', 137, 100, 19, 0, 6, 6, 0, 3, 14, 158, 2, 49, 237, 0, 6, 0),
(328, 'Carne, bovina, acém, sem gordu', 215, 100, 27, 0, 11, 6, 0, 7, 14, 164, 2, 56, 254, 0, 8, 0),
(329, 'Carne, bovina, acém, sem gordu', 144, 100, 21, 0, 6, 6, 0, 5, 13, 144, 2, 50, 234, 0, 5, 0),
(330, 'Carne, bovina, almôndegas, cru', 189, 100, 12, 10, 11, 6, 0, 22, 24, 145, 2, 621, 328, 0, 2, 0),
(331, 'Carne, bovina, almôndegas, fri', 272, 100, 18, 14, 16, 6, 0, 27, 48, 244, 2, 1030, 536, 0, 3, 0),
(332, 'Carne, bovina, bucho, cozido', 133, 100, 22, 0, 5, 6, 0, 13, 7, 63, 1, 38, 70, 0, 2, 0),
(333, 'Carne, bovina, bucho, cru', 137, 100, 21, 0, 6, 6, 0, 9, 6, 61, 0, 45, 85, 0, 2, 0),
(334, 'Carne, bovina, capa de contra-', 217, 100, 19, 0, 15, 6, 0, 6, 17, 144, 2, 58, 267, 0, 4, 0),
(335, 'Carne, bovina, capa de contra-', 312, 100, 31, 0, 20, 6, 0, 7, 18, 214, 3, 81, 323, 0, 6, 0),
(336, 'Carne, bovina, capa de contra-', 131, 100, 22, 0, 4, 6, 0, 6, 20, 178, 2, 79, 325, 0, 5, 0),
(337, 'Carne, bovina, capa de contra-', 239, 100, 35, 0, 10, 6, 0, 9, 26, 287, 3, 83, 385, 0, 8, 0),
(338, 'Carne, bovina, charque, cozido', 263, 100, 36, 0, 12, 6, 0, 15, 13, 101, 3, 1443, 90, 0, 6, 0),
(339, 'Carne, bovina, charque, cru', 249, 100, 23, 0, 17, 6, 0, 15, 13, 122, 2, 5875, 236, 0, 4, 0),
(340, 'Carne, bovina, contra-filé, à ', 352, 100, 21, 12, 24, 6, 0, 15, 27, 203, 3, 77, 271, 0, 3, 0),
(341, 'Carne, bovina, contra-filé de ', 202, 100, 20, 0, 13, 6, 0, 3, 14, 164, 2, 39, 245, 0, 4, 0),
(342, 'Carne, bovina, contra-filé de ', 275, 100, 30, 0, 16, 6, 0, 4, 24, 252, 3, 51, 383, 0, 7, 0),
(343, 'Carne, bovina, contra-filé, co', 206, 100, 21, 0, 13, 6, 0, 4, 18, 164, 1, 44, 285, 0, 3, 0),
(344, 'Carne, bovina, contra-filé, co', 278, 100, 32, 0, 15, 6, 0, 4, 19, 219, 2, 57, 352, 0, 5, 0),
(345, 'Carne, bovina, contra-filé, se', 157, 100, 24, 0, 6, 6, 0, 4, 21, 184, 2, 53, 335, 0, 3, 0),
(346, 'Carne, bovina, contra-filé, se', 194, 100, 36, 0, 4, 6, 0, 5, 21, 241, 2, 58, 386, 0, 5, 0),
(347, 'Carne, bovina, costela, assada', 373, 100, 29, 0, 28, 6, 0, 28, 20, 179, 2, 92, 270, 0, 5, 0),
(348, 'Carne, bovina, costela, crua', 358, 100, 17, 0, 32, 6, 0, 0, 12, 130, 1, 70, 151, 0, 3, 0),
(349, 'Carne, bovina, coxão duro, sem', 217, 100, 32, 0, 9, 6, 0, 4, 14, 189, 2, 41, 252, 0, 5, 0),
(350, 'Carne, bovina, coxão duro, sem', 148, 100, 22, 0, 6, 6, 0, 3, 21, 189, 2, 49, 358, 0, 3, 0),
(351, 'Carne, bovina, coxão mole, sem', 219, 100, 32, 0, 9, 6, 0, 4, 13, 183, 3, 44, 239, 0, 5, 0),
(352, 'Carne, bovina, coxão mole, sem', 169, 100, 21, 0, 9, 6, 0, 3, 21, 175, 2, 61, 335, 0, 3, 0),
(353, 'Carne, bovina, cupim, assado', 330, 100, 29, 0, 23, 6, 0, 8, 18, 212, 3, 72, 321, 0, 5, 0),
(354, 'Carne, bovina, cupim, cru', 221, 100, 20, 0, 15, 6, 0, 4, 13, 220, 1, 47, 151, 0, 2, 0),
(355, 'Carne, bovina, fígado, cru', 141, 100, 21, 1, 5, 6, 0, 4, 12, 334, 6, 76, 264, 9, 3, 0),
(356, 'Carne, bovina, fígado, grelhad', 225, 100, 30, 4, 9, 6, 0, 6, 10, 420, 6, 82, 309, 13, 4, 0),
(357, 'Carne, bovina, filé mingnon, s', 143, 100, 22, 0, 6, 6, 0, 3, 21, 193, 2, 49, 322, 0, 3, 0),
(358, 'Carne, bovina, filé mingnon, s', 220, 100, 33, 0, 9, 6, 0, 4, 28, 308, 3, 58, 326, 0, 4, 0),
(359, 'Carne, bovina, flanco, sem gor', 196, 100, 29, 0, 8, 6, 0, 4, 14, 181, 3, 42, 249, 0, 6, 0),
(360, 'Carne, bovina, flanco, sem gor', 141, 100, 20, 0, 6, 6, 0, 3, 18, 167, 2, 54, 324, 0, 4, 0),
(361, 'Carne, bovina, fraldinha, com ', 338, 100, 24, 0, 26, 6, 0, 3, 14, 161, 2, 39, 207, 0, 6, 0),
(362, 'Carne, bovina, fraldinha, com ', 221, 100, 18, 0, 16, 6, 0, 3, 16, 131, 2, 51, 274, 0, 4, 0),
(363, 'Carne, bovina, lagarto, cozido', 222, 100, 33, 0, 9, 6, 0, 4, 13, 167, 2, 48, 254, 0, 7, 0),
(364, 'Carne, bovina, lagarto, cru', 135, 100, 21, 0, 5, 6, 0, 3, 20, 185, 1, 54, 362, 0, 2, 0),
(365, 'Carne, bovina, língua, cozida', 315, 100, 21, 0, 25, 6, 0, 6, 12, 136, 2, 59, 175, 0, 4, 0),
(366, 'Carne, bovina, língua, crua', 215, 100, 17, 0, 16, 6, 0, 5, 15, 164, 2, 73, 251, 0, 3, 0),
(367, 'Carne, bovina, maminha, crua', 153, 100, 21, 0, 7, 6, 0, 3, 16, 181, 1, 37, 274, 0, 3, 0),
(368, 'Carne, bovina, maminha, grelha', 153, 100, 31, 0, 2, 6, 0, 4, 21, 237, 2, 58, 386, 0, 6, 0),
(369, 'Carne, bovina, miolo de alcatr', 163, 100, 22, 0, 8, 6, 0, 3, 20, 165, 2, 43, 299, 0, 3, 0),
(370, 'Carne, bovina, miolo de alcatr', 241, 100, 32, 0, 12, 6, 0, 5, 26, 279, 3, 52, 385, 0, 5, 0),
(371, 'Carne, bovina, músculo, sem go', 194, 100, 31, 0, 7, 6, 0, 5, 13, 176, 2, 62, 253, 0, 6, 0),
(372, 'Carne, bovina, músculo, sem go', 142, 100, 22, 0, 5, 6, 0, 4, 17, 162, 2, 66, 296, 0, 4, 0),
(373, 'Carne, bovina, paleta, com gor', 159, 100, 21, 0, 7, 6, 0, 4, 14, 158, 2, 65, 250, 0, 4, 0),
(374, 'Carne, bovina, paleta, sem gor', 194, 100, 30, 0, 7, 6, 0, 6, 18, 197, 2, 58, 250, 0, 7, 0),
(375, 'Carne, bovina, paleta, sem gor', 141, 100, 21, 0, 6, 6, 0, 4, 18, 163, 2, 66, 319, 0, 3, 0),
(376, 'Carne, bovina, patinho, sem go', 133, 100, 22, 0, 5, 6, 0, 3, 20, 170, 2, 49, 318, 0, 4, 0),
(377, 'Carne, bovina, patinho, sem go', 219, 100, 36, 0, 7, 6, 0, 5, 27, 289, 3, 60, 421, 0, 8, 0),
(378, 'Carne, bovina, peito, sem gord', 338, 100, 22, 0, 27, 6, 0, 4, 14, 136, 2, 56, 204, 0, 4, 0),
(379, 'Carne, bovina, peito, sem gord', 259, 100, 18, 0, 20, 6, 0, 4, 15, 124, 1, 64, 241, 0, 3, 0),
(380, 'Carne, bovina, picanha, com go', 213, 100, 19, 0, 15, 6, 0, 2, 14, 165, 2, 38, 232, 0, 4, 0),
(381, 'Carne, bovina, picanha, com go', 289, 100, 26, 0, 20, 6, 0, 0, 0, 0, 3, 0, 0, 0, 5, 0),
(382, 'Carne, bovina, picanha, sem go', 134, 100, 21, 0, 5, 6, 0, 3, 20, 183, 2, 61, 322, 0, 4, 0),
(383, 'Carne, bovina, picanha, sem go', 238, 100, 32, 0, 11, 6, 0, 4, 25, 282, 4, 61, 377, 0, 7, 0),
(384, 'Carne, bovina, seca, cozida', 313, 100, 27, 0, 22, 6, 0, 13, 12, 82, 2, 1943, 86, 0, 8, 0),
(385, 'Carne, bovina, seca, crua', 313, 100, 20, 0, 25, 6, 0, 14, 12, 100, 1, 4440, 190, 0, 4, 0),
(386, 'Coxinha de frango, frita', 283, 100, 10, 35, 12, 6, 5, 18, 17, 93, 1, 532, 166, 0, 1, 0),
(387, 'Croquete, de carne, cru', 246, 100, 12, 14, 16, 6, 0, 15, 24, 144, 3, 711, 221, 0, 3, 0),
(388, 'Croquete, de carne, frito', 347, 100, 17, 18, 23, 6, 0, 18, 30, 176, 2, 916, 313, 0, 3, 0),
(389, 'Empada de frango, pré-cozida, ', 358, 100, 7, 47, 16, 6, 2, 16, 18, 78, 1, 525, 138, 0, 1, 0),
(390, 'Empada, de frango, pré-cozida', 377, 100, 7, 36, 23, 6, 2, 14, 17, 78, 1, 771, 156, 0, 1, 0),
(391, 'Frango, asa, com pele, crua', 213, 100, 18, 0, 15, 6, 0, 11, 23, 155, 1, 96, 211, 0, 1, 0),
(392, 'Frango, caipira, inteiro, com ', 243, 100, 24, 0, 16, 6, 0, 17, 18, 162, 2, 56, 210, 0, 2, 0),
(393, 'Frango, caipira, inteiro, sem ', 196, 100, 30, 0, 8, 6, 0, 66, 23, 210, 2, 53, 224, 0, 3, 0),
(394, 'Frango, coração, cru', 222, 100, 13, 0, 19, 6, 0, 6, 20, 193, 4, 95, 220, 0, 2, 0),
(395, 'Frango, coração, grelhado', 207, 100, 22, 1, 12, 6, 0, 8, 20, 276, 7, 128, 243, 0, 3, 0),
(396, 'Frango, coxa, com pele, assada', 215, 100, 28, 0, 10, 6, 0, 8, 14, 251, 1, 95, 318, 0, 3, 0),
(397, 'Frango, coxa, com pele, crua', 161, 100, 17, 0, 10, 6, 0, 0, 26, 185, 1, 95, 275, 0, 2, 0),
(398, 'Frango, coxa, sem pele, cozida', 167, 100, 27, 0, 6, 6, 0, 12, 11, 187, 1, 64, 191, 0, 3, 0),
(399, 'Frango, coxa, sem pele, crua', 120, 100, 18, 0, 5, 6, 0, 8, 27, 196, 1, 98, 291, 0, 2, 0),
(400, 'Frango, fígado, cru', 106, 100, 18, 0, 3, 6, 0, 6, 28, 344, 10, 82, 280, 0, 4, 0),
(401, 'Frango, filé, à milanesa', 221, 100, 28, 8, 8, 6, 1, 9, 35, 249, 1, 122, 408, 0, 1, 0),
(402, 'Frango, inteiro, com pele, cru', 226, 100, 16, 0, 17, 6, 0, 6, 24, 174, 1, 63, 217, 0, 1, 0),
(403, 'Frango, inteiro, sem pele, ass', 187, 100, 28, 0, 8, 6, 0, 9, 14, 233, 1, 70, 283, 0, 2, 0),
(404, 'Frango, inteiro, sem pele, coz', 170, 100, 25, 0, 7, 6, 0, 8, 12, 194, 0, 51, 217, 0, 1, 0),
(405, 'Frango, inteiro, sem pele, cru', 129, 100, 21, 0, 5, 6, 0, 7, 27, 190, 1, 73, 238, 0, 1, 0),
(406, 'Frango, peito, com pele, assad', 212, 100, 33, 0, 8, 6, 0, 8, 18, 297, 0, 56, 380, 0, 1, 0),
(407, 'Frango, peito, com pele, cru', 149, 100, 21, 0, 7, 6, 0, 8, 28, 213, 0, 62, 252, 0, 1, 0),
(408, 'Frango, peito, sem pele, cozid', 163, 100, 31, 0, 3, 6, 0, 6, 14, 224, 0, 36, 231, 0, 1, 0),
(409, 'Frango, peito, sem pele, cru', 119, 100, 22, 0, 3, 6, 0, 7, 31, 222, 0, 56, 267, 0, 1, 0),
(410, 'Frango, peito, sem pele, grelh', 159, 100, 32, 0, 2, 6, 0, 5, 18, 295, 0, 50, 387, 0, 1, 0),
(411, 'Frango, sobrecoxa, com pele, a', 260, 100, 29, 0, 15, 6, 0, 11, 15, 252, 1, 96, 323, 0, 2, 0),
(412, 'Frango, sobrecoxa, com pele, c', 255, 100, 15, 0, 21, 6, 0, 7, 21, 154, 1, 68, 190, 0, 1, 0),
(413, 'Frango, sobrecoxa, sem pele, a', 233, 100, 29, 0, 12, 6, 0, 12, 17, 281, 1, 106, 382, 0, 2, 0),
(414, 'Frango, sobrecoxa, sem pele, c', 162, 100, 18, 0, 10, 6, 0, 6, 26, 187, 1, 80, 241, 0, 2, 0),
(415, 'Hambúrguer, bovino, cru', 215, 100, 13, 4, 16, 6, 0, 34, 25, 141, 2, 869, 383, 0, 2, 0),
(416, 'Hambúrguer, bovino, frito', 258, 100, 20, 6, 17, 6, 0, 62, 60, 324, 3, 1252, 660, 0, 3, 1),
(417, 'Hambúrguer, bovino, grelhado', 210, 100, 13, 11, 12, 6, 0, 56, 48, 263, 3, 1090, 538, 0, 3, 0),
(418, 'Lingüiça, frango, crua', 218, 100, 14, 0, 17, 6, 0, 11, 19, 182, 0, 1126, 280, 0, 1, 0),
(419, 'Lingüiça, frango, frita', 245, 100, 18, 0, 19, 6, 0, 15, 29, 262, 1, 1374, 364, 0, 1, 0),
(420, 'Lingüiça, frango, grelhada', 244, 100, 18, 0, 18, 6, 0, 14, 21, 228, 1, 1351, 356, 0, 1, 0),
(421, 'Lingüiça, porco, crua', 227, 100, 16, 0, 18, 6, 0, 6, 14, 157, 0, 1176, 316, 0, 1, 0),
(422, 'Lingüiça, porco, frita', 280, 100, 20, 0, 21, 6, 0, 8, 18, 211, 1, 1432, 409, 0, 3, 0),
(423, 'Lingüiça, porco, grelhada', 296, 100, 23, 0, 22, 6, 0, 8, 19, 210, 1, 1456, 427, 0, 3, 0),
(424, 'Mortadela', 269, 100, 12, 6, 22, 6, 0, 67, 19, 216, 1, 1212, 247, 0, 1, 0),
(425, 'Peru, congelado, assado', 163, 100, 26, 0, 6, 6, 0, 14, 12, 197, 1, 628, 175, 0, 1, 0),
(426, 'Peru, congelado, cru', 94, 100, 18, 0, 2, 6, 0, 10, 19, 217, 1, 711, 281, 0, 1, 0),
(427, 'Porco, bisteca, crua', 164, 100, 21, 0, 8, 6, 0, 6, 24, 195, 1, 54, 335, 0, 1, 0),
(428, 'Porco, bisteca, frita', 311, 100, 34, 0, 19, 6, 0, 69, 29, 290, 1, 63, 404, 0, 2, 0),
(429, 'Porco, bisteca, grelhada', 280, 100, 29, 0, 17, 6, 0, 34, 25, 229, 1, 51, 366, 0, 2, 0),
(430, 'Porco, costela, assada', 402, 100, 30, 0, 30, 6, 0, 17, 14, 201, 1, 63, 246, 0, 3, 0),
(431, 'Porco, costela, crua', 256, 100, 0, 0, 20, 6, 0, 15, 18, 159, 1, 88, 248, 0, 2, 0),
(432, 'Porco, lombo, assado', 210, 100, 36, 0, 6, 6, 0, 20, 18, 238, 0, 39, 311, 0, 2, 0),
(433, 'Porco, lombo, cru', 176, 100, 23, 0, 9, 6, 0, 4, 24, 195, 0, 53, 334, 0, 1, 0),
(434, 'Porco, orelha, salgada, crua', 258, 100, 19, 0, 20, 6, 0, 5, 2, 31, 1, 616, 228, 0, 1, 0),
(435, 'Porco, pernil, assado', 262, 100, 32, 0, 14, 6, 0, 18, 27, 247, 1, 62, 395, 0, 3, 0),
(436, 'Porco, pernil, cru', 186, 100, 20, 0, 11, 6, 0, 13, 23, 192, 1, 102, 256, 0, 2, 0),
(437, 'Porco, rabo, salgado, cru', 377, 100, 16, 0, 34, 6, 0, 22, 4, 42, 1, 1158, 24, 0, 1, 0),
(438, 'Presunto, com capa de gordura', 128, 100, 14, 1, 7, 6, 0, 12, 17, 274, 1, 1021, 295, 0, 1, 0),
(439, 'Presunto, sem capa de gordura', 94, 100, 14, 2, 3, 6, 0, 23, 18, 244, 1, 1039, 307, 0, 1, 0),
(440, 'Quibe, assado', 136, 100, 15, 13, 3, 6, 2, 16, 36, 174, 2, 40, 288, 1, 4, 1),
(441, 'Quibe, cru', 109, 100, 12, 11, 2, 6, 2, 12, 26, 126, 2, 39, 242, 0, 3, 0),
(442, 'Quibe, frito', 254, 100, 15, 12, 16, 6, 0, 22, 39, 166, 2, 836, 322, 0, 3, 1),
(443, 'Salame', 398, 100, 26, 3, 31, 6, 0, 87, 30, 354, 1, 1574, 548, 0, 3, 0),
(444, 'Toucinho, cru', 593, 100, 11, 0, 60, 6, 0, 2, 4, 35, 0, 50, 58, 0, 0, 0),
(445, 'Toucinho, frito', 697, 100, 27, 0, 64, 6, 0, 9, 9, 95, 1, 125, 171, 0, 1, 0),
(446, 'Bebida láctea, pêssego', 55, 100, 2, 8, 2, 7, 0, 89, 9, 63, 0, 46, 62, 0, 0, 0),
(447, 'Creme de Leite', 221, 100, 2, 5, 22, 7, 0, 83, 8, 118, 0, 52, 119, 0, 0, 0),
(448, 'Iogurte, natural', 51, 100, 4, 2, 3, 7, 0, 143, 11, 119, 0, 52, 71, 0, 0, 0),
(449, 'Iogurte, natural, desnatado', 41, 100, 4, 6, 0, 7, 0, 157, 12, 110, 0, 60, 182, 0, 1, 0),
(450, 'Iogurte, sabor abacaxi', 0, 100, 0, 0, 0, 7, 0, 0, 0, 0, 0, 0, 0, 0, 0, 0),
(451, 'Iogurte, sabor morango', 70, 100, 3, 10, 2, 7, 0, 101, 8, 73, 0, 38, 52, 0, 0, 0),
(452, 'Iogurte, sabor pêssego', 68, 100, 3, 9, 2, 7, 1, 95, 8, 66, 0, 37, 52, 0, 0, 0),
(453, 'Leite, condensado', 313, 100, 8, 57, 7, 7, 0, 246, 22, 187, 0, 94, 329, 0, 1, 0),
(454, 'Leite, de cabra', 66, 100, 3, 5, 4, 7, 0, 112, 10, 113, 0, 74, 140, 0, 0, 0),
(455, 'Leite, de vaca, achocolatado', 83, 100, 2, 14, 2, 7, 1, 70, 13, 71, 0, 72, 155, 0, 0, 0),
(456, 'Leite, de vaca, desnatado, pó', 362, 100, 35, 53, 1, 7, 0, 1363, 109, 1673, 1, 432, 1556, 0, 4, 0),
(457, 'Leite, de vaca, desnatado, UHT', 0, 100, 0, 0, 0, 7, 0, 134, 10, 85, 0, 51, 140, 0, 0, 0),
(458, 'Leite, de vaca, integral', 0, 100, 0, 0, 0, 7, 0, 123, 10, 82, 0, 64, 133, 0, 0, 0),
(459, 'Leite, de vaca, integral, pó', 497, 100, 25, 39, 27, 7, 0, 890, 77, 1242, 1, 323, 1132, 0, 3, 0),
(460, 'Leite, fermentado', 70, 100, 2, 16, 0, 7, 0, 72, 6, 63, 0, 33, 94, 0, 0, 0),
(461, 'Queijo, minas, frescal', 264, 100, 17, 3, 20, 7, 0, 579, 7, 123, 1, 31, 105, 0, 0, 0),
(462, 'Queijo, minas, meia cura', 321, 100, 21, 4, 25, 7, 0, 696, 27, 403, 0, 501, 120, 0, 3, 0),
(463, 'Queijo, mozarela', 330, 100, 23, 3, 25, 7, 0, 875, 24, 470, 0, 581, 62, 0, 4, 0),
(464, 'Queijo, parmesão', 453, 100, 36, 2, 34, 7, 0, 992, 33, 745, 1, 1844, 96, 0, 4, 0),
(465, 'Queijo, pasteurizado', 303, 100, 9, 6, 27, 7, 0, 323, 16, 578, 0, 780, 194, 0, 1, 0),
(466, 'Queijo, petit suisse, morango', 121, 100, 6, 18, 3, 7, 0, 731, 27, 448, 0, 412, 121, 0, 3, 0),
(467, 'Queijo, prato', 360, 100, 23, 2, 29, 7, 0, 940, 28, 461, 0, 580, 73, 0, 3, 0),
(468, 'Maria mole', 257, 100, 10, 2, 23, 7, 0, 259, 12, 448, 0, 558, 93, 0, 1, 0),
(469, 'Queijo, ricota', 140, 100, 13, 4, 8, 7, 0, 253, 12, 162, 0, 283, 112, 0, 0, 0),
(470, 'Bebida isotônica, sabores vari', 26, 100, 0, 6, 0, 8, 0, 1, 0, 9, 1, 44, 13, 0, 0, 0),
(471, 'Café, infusão 10%', 9, 100, 1, 1, 0, 8, 0, 3, 10, 9, 0, 1, 156, 0, 0, 0),
(472, 'Cana, aguardente 1', 216, 100, 0, 0, 0, 8, 0, 0, 0, 0, 0, 3, 0, 0, 0, 0),
(473, 'Cana, caldo de', 65, 100, 0, 18, 0, 8, 0, 9, 12, 5, 1, 0, 18, 0, 0, 0),
(474, 'Cerveja, pilsen 2', 41, 100, 1, 3, 0, 8, 0, 5, 7, 19, 0, 4, 29, 0, 0, 0),
(475, 'Chá, erva-doce, infusão 5%', 1, 100, 0, 0, 0, 8, 0, 2, 1, 1, 0, 1, 10, 0, 0, 0),
(476, 'Chá, mate, infusão 5%', 3, 100, 0, 1, 0, 8, 0, 1, 2, 0, 0, 0, 5, 0, 0, 0),
(477, 'Chá, preto, infusão 5%', 2, 100, 0, 1, 0, 8, 0, 0, 1, 2, 0, 0, 13, 0, 0, 0),
(478, 'Coco, água de', 22, 100, 0, 5, 0, 8, 0, 19, 5, 4, 0, 2, 162, 0, 0, 0),
(479, 'Refrigerante, tipo água tônica', 31, 100, 0, 8, 0, 8, 0, 1, 0, 0, 0, 8, 2, 0, 0, 0),
(480, 'Refrigerante, tipo cola', 34, 100, 0, 9, 0, 8, 0, 1, 0, 17, 0, 7, 1, 0, 0, 0),
(481, 'Refrigerante, tipo guaraná', 39, 100, 0, 0, 0, 8, 0, 1, 0, 0, 0, 9, 1, 0, 0, 0),
(482, 'Refrigerante, tipo laranja', 46, 100, 0, 12, 0, 8, 0, 2, 1, 1, 0, 9, 16, 0, 0, 0),
(483, 'Refrigerante, tipo limão', 40, 100, 0, 10, 0, 8, 0, 2, 1, 0, 0, 9, 4, 0, 0, 0),
(484, 'Omelete, de queijo', 268, 100, 16, 0, 22, 9, 0, 166, 14, 314, 1, 216, 127, 0, 1, 0),
(485, 'Ovo, de codorna, inteiro, cru', 177, 100, 14, 1, 13, 9, 0, 79, 11, 279, 3, 129, 79, 0, 2, 0),
(486, 'Ovo, de galinha, clara, cozida', 59, 100, 13, 0, 0, 9, 0, 6, 11, 15, 0, 181, 146, 0, 0, 0),
(487, 'Ovo, de galinha, gema, cozida/', 353, 100, 16, 2, 31, 9, 0, 114, 9, 386, 3, 45, 87, 0, 3, 0),
(488, 'Ovo, de galinha, inteiro, cozi', 146, 100, 13, 1, 9, 9, 0, 49, 11, 184, 2, 146, 139, 0, 1, 0),
(489, 'Ovo, de galinha, inteiro, cru', 143, 100, 13, 2, 9, 9, 0, 42, 13, 164, 2, 168, 0, 0, 1, 0),
(490, 'Ovo, de galinha, inteiro, frit', 240, 100, 16, 1, 19, 9, 0, 73, 16, 422, 2, 166, 184, 0, 1, 0),
(491, 'Achocolatado, pó', 401, 100, 4, 91, 2, 10, 4, 44, 77, 200, 5, 65, 496, 1, 1, 1),
(492, 'Açúcar, cristal', 387, 100, 0, 100, 0, 10, 0, 8, 1, 0, 0, 0, 3, 0, 0, 0),
(493, 'Açúcar, mascavo', 369, 100, 1, 94, 0, 10, 0, 127, 80, 38, 8, 25, 522, 0, 0, 2),
(494, 'Açúcar, refinado', 387, 100, 0, 100, 0, 10, 0, 3, 1, 0, 0, 12, 6, 0, 0, 0),
(495, 'Chocolate, ao leite', 540, 100, 7, 60, 30, 10, 2, 191, 57, 212, 2, 77, 355, 0, 1, 0),
(496, 'Chocolate, ao leite, com casta', 559, 100, 7, 55, 34, 10, 2, 171, 80, 303, 1, 64, 431, 0, 1, 0),
(497, 'Chocolate, ao leite, dietético', 557, 100, 7, 56, 34, 10, 3, 188, 67, 276, 3, 85, 458, 0, 1, 0),
(498, 'Chocolate, meio amargo', 475, 100, 5, 62, 30, 10, 5, 45, 107, 220, 4, 9, 432, 1, 2, 1),
(499, 'Cocada branca', 449, 100, 1, 81, 14, 10, 4, 7, 17, 396, 1, 29, 183, 0, 0, 0),
(500, 'Doce, de abóbora, cremoso', 199, 100, 1, 55, 0, 10, 2, 13, 6, 14, 1, 0, 137, 0, 0, 0),
(501, 'Doce, de leite, cremoso', 306, 100, 5, 59, 6, 10, 0, 195, 16, 141, 0, 120, 259, 0, 1, 0),
(502, 'Geléia, mocotó, natural', 106, 100, 2, 24, 0, 10, 0, 4, 1, 0, 0, 43, 2, 0, 0, 0),
(503, 'Glicose de milho', 292, 100, 0, 79, 0, 10, 0, 6, 2, 5, 0, 59, 5, 0, 0, 0),
(504, 'Maria mole', 301, 100, 4, 74, 0, 10, 1, 13, 7, 4, 0, 15, 24, 0, 0, 0),
(505, 'Maria mole, coco queimado', 307, 100, 4, 75, 0, 10, 1, 19, 6, 5, 0, 14, 36, 0, 0, 0),
(506, 'Marmelada', 257, 100, 0, 71, 0, 10, 4, 11, 6, 20, 1, 11, 83, 0, 0, 0),
(507, 'Mel, de abelha', 309, 100, 0, 84, 0, 10, 0, 10, 6, 4, 0, 6, 99, 0, 0, 0),
(508, 'Melado', 297, 100, 0, 77, 0, 10, 0, 102, 115, 74, 5, 4, 395, 1, 0, 3),
(509, 'Quindim', 411, 100, 5, 46, 24, 10, 3, 37, 15, 168, 1, 27, 111, 0, 1, 0),
(510, 'Rapadura', 352, 100, 1, 91, 0, 10, 0, 30, 47, 21, 4, 22, 459, 0, 1, 2),
(511, 'Café, pó, torrado', 419, 100, 15, 66, 12, 11, 51, 107, 165, 169, 8, 1, 1609, 1, 1, 3),
(512, 'Capuccino, pó', 417, 100, 11, 74, 9, 11, 2, 467, 71, 358, 2, 382, 886, 0, 1, 0),
(513, 'Fermento em pó, químico', 90, 100, 0, 44, 0, 11, 0, 0, 0, 0, 0, 10052, 0, 0, 0, 0),
(514, 'Fermento, biológico, levedura,', 90, 100, 17, 8, 2, 11, 4, 18, 38, 419, 3, 40, 576, 0, 11, 0),
(515, 'Gelatina, sabores variados, pó', 380, 100, 9, 89, 0, 11, 0, 27, 2, 2, 0, 235, 7, 0, 0, 0),
(516, 'Sal, dietético', 0, 100, 0, 0, 0, 11, 0, 0, 0, 0, 0, 23432, 20468, 0, 0, 0),
(517, 'Sal, grosso', 0, 100, 0, 0, 0, 11, 0, 0, 0, 0, 0, 39943, 0, 0, 0, 0),
(518, 'Shoyu', 61, 100, 3, 12, 0, 11, 0, 15, 24, 47, 0, 5024, 165, 0, 0, 0),
(519, 'Tempero a base de sal', 21, 100, 3, 2, 0, 11, 1, 0, 0, 0, 0, 0, 0, 0, 0, 0),
(520, 'Azeitona, preta, conserva', 194, 100, 1, 6, 20, 12, 5, 59, 5, 16, 5, 1567, 79, 0, 0, 0),
(521, 'Azeitona, verde, conserva', 137, 100, 1, 4, 14, 12, 4, 46, 4, 5, 0, 1347, 20, 0, 0, 0),
(522, 'Chantilly, spray, com gordura ', 315, 100, 1, 17, 27, 12, 0, 2, 1, 16, 0, 110, 5, 0, 0, 0),
(523, 'Leite, de coco', 166, 100, 1, 2, 18, 12, 1, 6, 17, 26, 0, 44, 144, 0, 0, 0),
(524, 'Maionese, tradicional com ovos', 302, 100, 1, 8, 30, 12, 0, 3, 1, 14, 0, 787, 16, 0, 0, 0),
(525, 'Acarajé', 289, 100, 8, 19, 20, 13, 9, 124, 51, 142, 2, 305, 354, 0, 1, 1),
(526, 'Arroz carreteiro', 154, 100, 11, 12, 7, 13, 2, 13, 9, 48, 1, 1622, 87, 0, 3, 0),
(527, 'Baião de dois, arroz e feijão-', 136, 100, 6, 20, 3, 13, 5, 33, 19, 72, 1, 93, 157, 0, 1, 0),
(528, 'Barreado', 165, 100, 18, 0, 10, 13, 0, 15, 21, 169, 2, 48, 295, 0, 5, 0),
(529, 'Bife à cavalo, com contra filé', 291, 100, 24, 0, 21, 13, 0, 26, 19, 216, 2, 83, 272, 0, 3, 0),
(530, 'Bolinho de arroz', 274, 100, 8, 42, 8, 13, 3, 24, 13, 87, 2, 59, 96, 0, 1, 0),
(531, 'Camarão à baiana', 101, 100, 8, 3, 6, 13, 0, 43, 15, 244, 1, 85, 139, 0, 0, 0),
(532, 'Charuto, de repolho', 78, 100, 7, 10, 1, 13, 1, 23, 13, 68, 1, 12, 184, 1, 2, 0),
(533, 'Cuscuz, de milho, cozido com s', 113, 100, 2, 25, 1, 13, 2, 2, 3, 23, 0, 248, 11, 0, 0, 0),
(534, 'Cuscuz, paulista', 142, 100, 3, 23, 5, 13, 2, 14, 5, 26, 0, 236, 53, 0, 0, 0),
(535, 'Cuxá, molho', 80, 100, 6, 6, 4, 13, 3, 105, 34, 111, 1, 1344, 124, 0, 1, 0),
(536, 'Dobradinha', 125, 100, 20, 0, 4, 13, 0, 11, 8, 57, 1, 29, 58, 0, 3, 0),
(537, 'Estrogonofe de carne', 173, 100, 15, 3, 11, 13, 0, 28, 22, 186, 3, 123, 322, 0, 2, 0),
(538, 'Estrogonofe de frango', 157, 100, 18, 3, 8, 13, 0, 26, 25, 195, 2, 99, 307, 0, 1, 0),
(539, 'Feijão tropeiro mineiro', 152, 100, 10, 20, 7, 13, 4, 41, 36, 199, 2, 365, 349, 0, 1, 0),
(540, 'Feijoada', 117, 100, 9, 12, 6, 13, 5, 32, 32, 105, 1, 278, 303, 0, 1, 0),
(541, 'Frango, com açafrão', 113, 100, 10, 4, 6, 13, 0, 13, 16, 167, 1, 29, 256, 0, 1, 0),
(542, 'Macarrão, molho bolognesa', 120, 100, 5, 23, 1, 13, 1, 11, 10, 54, 1, 9, 84, 0, 1, 0),
(543, 'Maniçoba', 134, 100, 10, 3, 9, 13, 2, 66, 24, 55, 3, 407, 148, 0, 2, 1),
(544, 'Quibebe', 86, 100, 9, 7, 3, 13, 2, 8, 10, 43, 1, 247, 153, 1, 2, 0),
(545, 'Salada, de legumes, com maione', 96, 100, 1, 9, 7, 13, 2, 12, 9, 22, 0, 228, 141, 0, 0, 0),
(546, 'Salada, de legumes, cozida no ', 35, 100, 2, 7, 0, 13, 3, 33, 19, 45, 0, 3, 244, 0, 0, 0),
(547, 'Salpicão, de frango', 148, 100, 14, 5, 8, 13, 0, 9, 13, 103, 0, 248, 149, 0, 0, 0),
(548, 'Sarapatel', 123, 100, 18, 1, 4, 13, 0, 12, 13, 164, 7, 216, 199, 1, 2, 0),
(549, 'Tabule', 57, 100, 2, 11, 1, 13, 2, 19, 18, 35, 1, 1, 188, 0, 1, 0),
(550, 'Tacacá', 47, 100, 7, 3, 0, 13, 0, 45, 30, 89, 1, 1349, 240, 0, 1, 0),
(551, 'Tapioca, com manteiga', 348, 100, 0, 64, 11, 13, 0, 30, 3, 8, 0, 158, 19, 0, 0, 0),
(552, 'Tucupi, com pimenta-de-cheiro', 27, 100, 2, 5, 0, 13, 0, 28, 42, 31, 1, 5, 391, 0, 1, 1),
(553, 'Vaca atolada', 145, 100, 5, 10, 9, 13, 2, 63, 16, 72, 1, 26, 220, 0, 1, 0),
(554, 'Vatapá', 255, 100, 6, 10, 23, 13, 2, 47, 39, 108, 1, 880, 209, 0, 1, 0),
(555, 'Virado à paulista', 307, 100, 10, 14, 26, 13, 2, 41, 22, 135, 1, 346, 237, 0, 1, 0),
(556, 'Yakisoba', 113, 100, 8, 18, 3, 13, 1, 14, 13, 83, 1, 794, 159, 0, 1, 0),
(557, 'Amendoim, grão, cru', 544, 100, 27, 20, 44, 14, 8, 0, 171, 407, 3, 0, 580, 1, 3, 2),
(558, 'Amendoim, torrado, salgado', 606, 100, 22, 19, 54, 14, 8, 39, 159, 261, 1, 376, 496, 1, 2, 2),
(559, 'Ervilha, em vagem', 88, 100, 7, 14, 0, 14, 10, 24, 42, 152, 1, 0, 311, 0, 1, 0),
(560, 'Ervilha, enlatada, drenada', 74, 100, 5, 13, 0, 14, 5, 22, 23, 79, 1, 372, 147, 0, 1, 0),
(561, 'Feijão, carioca, cozido', 76, 100, 5, 14, 1, 14, 9, 27, 42, 87, 1, 2, 255, 0, 1, 0);
INSERT INTO `alimento` (`idAlimento`, `nombreAli`, `calorias`, `gramos`, `proteinas`, `hidratosCarbono`, `lipidos`, `idCategoria`, `fibra`, `calcio`, `magnesio`, `fosforo`, `hierro`, `sodio`, `potasio`, `cobre`, `zinc`, `manganeso`) VALUES
(562, 'Feijão, carioca, cru', 329, 100, 20, 61, 1, 14, 18, 123, 210, 385, 8, 0, 1352, 1, 3, 1),
(563, 'Feijão, fradinho, cozido', 78, 100, 5, 13, 1, 14, 7, 17, 38, 85, 1, 1, 253, 0, 1, 1),
(564, 'Feijão, fradinho, cru', 339, 100, 20, 61, 2, 14, 24, 78, 178, 355, 5, 10, 1083, 1, 4, 1),
(565, 'Feijão, jalo, cozido', 93, 100, 6, 16, 1, 14, 14, 29, 44, 121, 2, 1, 348, 0, 1, 0),
(566, 'Feijão, jalo, cru', 328, 100, 20, 61, 1, 14, 30, 98, 170, 427, 7, 25, 1276, 1, 3, 1),
(567, 'Feijão, preto, cozido', 77, 100, 4, 14, 1, 14, 8, 29, 40, 88, 1, 2, 256, 0, 1, 0),
(568, 'Feijão, preto, cru', 324, 100, 21, 59, 1, 14, 22, 111, 188, 471, 6, 0, 1416, 1, 3, 1),
(569, 'Feijão, rajado, cozido', 85, 100, 6, 15, 0, 14, 9, 29, 42, 113, 1, 1, 315, 0, 1, 0),
(570, 'Feijão, rajado, cru', 326, 100, 17, 63, 1, 14, 24, 111, 170, 335, 19, 14, 1135, 1, 3, 1),
(571, 'Feijão, rosinha, cozido', 68, 100, 5, 12, 0, 14, 5, 19, 43, 90, 1, 2, 241, 0, 1, 0),
(572, 'Feijão, rosinha, cru', 337, 100, 21, 62, 1, 14, 21, 68, 184, 394, 5, 24, 1109, 1, 4, 1),
(573, 'Feijão, roxo, cozido', 77, 100, 6, 13, 1, 14, 12, 23, 34, 106, 1, 1, 268, 0, 1, 0),
(574, 'Feijão, roxo, cru', 331, 100, 22, 60, 1, 14, 34, 120, 162, 394, 7, 10, 1221, 1, 3, 1),
(575, 'Grão-de-bico, cru', 355, 100, 21, 58, 5, 14, 12, 114, 146, 342, 5, 5, 1116, 1, 3, 3),
(576, 'Guandu, cru', 344, 100, 19, 64, 2, 14, 21, 129, 0, 269, 2, 2, 1215, 1, 2, 1),
(577, 'Lentilha, cozida', 93, 100, 6, 16, 1, 14, 8, 16, 22, 104, 1, 1, 220, 0, 1, 0),
(578, 'Lentilha, crua', 339, 100, 23, 62, 1, 14, 17, 54, 94, 368, 7, 0, 887, 1, 3, 1),
(579, 'Paçoca, amendoim', 487, 100, 16, 52, 26, 14, 7, 22, 101, 198, 1, 167, 348, 0, 2, 1),
(580, 'Pé-de-moleque, amendoim', 503, 100, 13, 55, 28, 14, 3, 27, 108, 171, 1, 16, 355, 0, 1, 1),
(581, 'Soja, farinha', 404, 100, 36, 38, 15, 14, 20, 206, 242, 539, 13, 6, 1922, 1, 5, 3),
(582, 'Soja, extrato solúvel, natural', 39, 100, 2, 4, 2, 14, 0, 17, 15, 53, 0, 57, 121, 0, 0, 0),
(583, 'Soja, extrato solúvel, pó', 459, 100, 36, 28, 26, 14, 7, 359, 216, 647, 7, 83, 1607, 1, 6, 3),
(584, 'Soja, queijo (tofu)', 64, 100, 7, 2, 4, 14, 1, 81, 38, 130, 1, 1, 182, 0, 1, 0),
(585, 'Tremoço, cru', 381, 100, 34, 44, 10, 14, 32, 177, 121, 265, 3, 3, 708, 1, 4, 0),
(586, 'Tremoço, em conserva', 121, 100, 11, 12, 4, 14, 14, 16, 4, 40, 0, 1809, 5, 0, 1, 0),
(587, 'Amêndoa, torrada, salgada', 581, 100, 19, 30, 47, 15, 12, 237, 222, 493, 3, 279, 640, 1, 3, 2),
(588, 'Castanha-de-caju, torrada, sal', 570, 100, 19, 29, 46, 15, 4, 33, 237, 594, 5, 0, 671, 2, 5, 2),
(589, 'Castanha-do-Brasil, crua', 643, 100, 15, 15, 63, 15, 8, 146, 365, 853, 2, 1, 651, 2, 4, 1),
(590, 'Coco, cru', 406, 100, 4, 10, 42, 15, 5, 6, 51, 118, 2, 15, 354, 0, 1, 1),
(591, 'Coco, verde, cru', 0, 100, 0, 0, 0, 15, 0, 0, 0, 0, 0, 0, 0, 0, 0, 0),
(592, 'Farinha, de mesocarpo de babaç', 329, 100, 1, 79, 0, 15, 18, 61, 39, 26, 18, 12, 362, 0, 0, 0),
(593, 'Gergelim, semente', 584, 100, 21, 22, 50, 15, 12, 825, 361, 741, 5, 3, 546, 2, 5, 3),
(594, 'Linhaça, semente', 495, 100, 14, 43, 32, 15, 34, 211, 347, 615, 5, 9, 869, 1, 4, 3),
(595, 'Pinhão, cozido', 174, 100, 3, 44, 1, 15, 16, 16, 53, 166, 1, 1, 727, 0, 1, 0),
(596, 'Pupunha, cozida', 219, 100, 3, 30, 13, 15, 4, 28, 25, 49, 1, 1, 303, 0, 0, 0),
(597, 'Noz, crua', 620, 100, 14, 18, 59, 15, 7, 105, 153, 396, 2, 5, 533, 1, 2, 4),
(598, 'Arroz, integral, cozido', 124, 100, 3, 26, 1, 1, 3, 5, 59, 106, 0, 1, 75, 0, 1, 1),
(599, 'Arroz, integral, cru', 360, 100, 7, 77, 2, 1, 5, 8, 110, 251, 1, 2, 173, 0, 1, 3),
(600, 'Arroz, tipo 1, cozido', 128, 100, 3, 28, 0, 1, 2, 4, 2, 18, 0, 1, 15, 0, 0, 0),
(601, 'Arroz, tipo 1, cru', 358, 100, 7, 79, 0, 1, 2, 4, 30, 104, 1, 1, 62, 0, 1, 1),
(602, 'Arroz, tipo 2, cozido', 130, 100, 3, 28, 0, 1, 1, 3, 6, 22, 0, 2, 20, 0, 1, 0),
(603, 'Arroz, tipo 2, cru', 358, 100, 7, 79, 0, 1, 2, 5, 29, 82, 1, 1, 57, 0, 1, 1),
(604, 'Aveia, flocos, crua', 394, 100, 14, 67, 8, 1, 9, 48, 119, 153, 4, 5, 336, 0, 3, 2),
(605, 'Biscoito, doce, maisena', 443, 100, 8, 75, 12, 1, 2, 54, 37, 166, 2, 352, 142, 0, 1, 1),
(606, 'Biscoito, doce, recheado com c', 472, 100, 6, 71, 20, 1, 3, 27, 48, 139, 2, 239, 232, 0, 1, 1),
(607, 'Biscoito, doce, recheado com m', 471, 100, 6, 71, 20, 1, 2, 36, 27, 138, 1, 230, 113, 0, 1, 1),
(608, 'Biscoito, doce, wafer, rechead', 502, 100, 6, 68, 25, 1, 2, 23, 48, 124, 2, 137, 240, 0, 1, 0),
(609, 'Biscoito, doce, wafer, rechead', 513, 100, 5, 67, 26, 1, 1, 14, 19, 73, 1, 120, 75, 0, 1, 0),
(610, 'Biscoito, salgado, cream crack', 432, 100, 10, 69, 14, 1, 3, 20, 40, 148, 2, 854, 181, 0, 1, 1),
(611, 'Bolo, mistura para', 419, 100, 6, 85, 6, 1, 2, 59, 28, 333, 1, 463, 75, 0, 1, 0),
(612, 'Bolo, pronto, aipim', 324, 100, 4, 48, 13, 1, 1, 85, 10, 122, 0, 111, 135, 0, 0, 0),
(613, 'Bolo, pronto, chocolate', 410, 100, 6, 55, 18, 1, 1, 75, 28, 197, 2, 283, 212, 0, 1, 0),
(614, 'Bolo, pronto, coco', 333, 100, 6, 52, 11, 1, 1, 57, 16, 303, 1, 190, 143, 0, 1, 0),
(615, 'Bolo, pronto, milho', 311, 100, 5, 45, 12, 1, 1, 83, 10, 128, 1, 134, 118, 0, 0, 0),
(616, 'Canjica, branca, crua', 358, 100, 7, 78, 1, 1, 5, 2, 12, 48, 0, 1, 93, 0, 0, 0),
(617, 'Canjica, com leite integral', 112, 100, 2, 24, 1, 1, 1, 43, 6, 41, 0, 28, 70, 0, 0, 0),
(618, 'Cereais, milho, flocos, com sa', 370, 100, 7, 81, 2, 1, 5, 2, 20, 91, 1, 272, 69, 0, 1, 0),
(619, 'Cereais, milho, flocos, sem sa', 363, 100, 7, 80, 1, 1, 2, 2, 17, 58, 2, 31, 29, 0, 0, 0),
(620, 'Cereais, mingau, milho, infant', 394, 100, 6, 87, 1, 1, 3, 219, 16, 169, 3, 399, 82, 0, 0, 0),
(621, 'Cereais, mistura para vitamina', 381, 100, 9, 82, 2, 1, 5, 584, 72, 515, 13, 1163, 244, 0, 2, 2),
(622, 'Cereal matinal, milho', 365, 100, 7, 84, 1, 1, 4, 143, 11, 101, 3, 655, 83, 0, 8, 0),
(623, 'Cereal matinal, milho, açúcar', 377, 100, 5, 89, 1, 1, 2, 56, 8, 43, 4, 405, 52, 0, 8, 0),
(624, 'Creme de arroz, pó', 386, 100, 7, 84, 1, 1, 1, 7, 51, 153, 1, 1, 115, 0, 2, 1),
(625, 'Creme de milho, pó', 333, 100, 5, 86, 2, 1, 4, 323, 30, 303, 4, 594, 166, 0, 1, 0),
(626, 'Curau, milho verde', 78, 100, 2, 14, 2, 1, 0, 53, 16, 75, 0, 21, 162, 0, 0, 0),
(627, 'Curau, milho verde, mistura pa', 402, 100, 2, 80, 13, 1, 3, 31, 9, 45, 1, 223, 55, 0, 0, 0),
(628, 'Farinha, de arroz, enriquecida', 363, 100, 1, 86, 0, 1, 1, 1, 4, 36, 31, 17, 13, 0, 8, 0),
(629, 'Farinha, de centeio, integral', 336, 100, 13, 73, 2, 1, 15, 34, 120, 340, 5, 41, 334, 1, 3, 4),
(630, 'Farinha, de milho, amarela', 351, 100, 7, 79, 1, 1, 5, 1, 31, 84, 2, 45, 58, 0, 1, 0),
(631, 'Farinha, de rosca', 371, 100, 11, 76, 1, 1, 5, 35, 57, 195, 7, 332, 212, 0, 2, 2),
(632, 'Farinha, de trigo', 360, 100, 10, 75, 1, 1, 2, 18, 31, 115, 1, 1, 151, 0, 1, 0),
(633, 'Farinha, láctea, de cereais', 415, 100, 12, 78, 6, 1, 2, 196, 58, 296, 9, 125, 366, 0, 2, 1),
(634, 'Lasanha, massa fresca, cozida', 164, 100, 6, 33, 1, 1, 2, 10, 4, 42, 1, 207, 54, 0, 0, 0),
(635, 'Lasanha, massa fresca, crua', 220, 100, 7, 45, 1, 1, 2, 17, 13, 82, 2, 667, 137, 0, 1, 0),
(636, 'Arroz, integral, cozido', 124, 100, 3, 26, 1, 1, 3, 5, 59, 106, 0, 1, 75, 0, 1, 1),
(637, 'Arroz, integral, cru', 360, 100, 7, 77, 2, 1, 5, 8, 110, 251, 1, 2, 173, 0, 1, 3),
(638, 'Arroz, tipo 1, cozido', 128, 100, 3, 28, 0, 1, 2, 4, 2, 18, 0, 1, 15, 0, 0, 0),
(639, 'Arroz, tipo 1, cru', 358, 100, 7, 79, 0, 1, 2, 4, 30, 104, 1, 1, 62, 0, 1, 1),
(640, 'Arroz, tipo 2, cozido', 130, 100, 3, 28, 0, 1, 1, 3, 6, 22, 0, 2, 20, 0, 1, 0),
(641, 'Arroz, tipo 2, cru', 358, 100, 7, 79, 0, 1, 2, 5, 29, 82, 1, 1, 57, 0, 1, 1),
(642, 'Aveia, flocos, crua', 394, 100, 14, 67, 8, 1, 9, 48, 119, 153, 4, 5, 336, 0, 3, 2),
(643, 'Biscoito, doce, maisena', 443, 100, 8, 75, 12, 1, 2, 54, 37, 166, 2, 352, 142, 0, 1, 1),
(644, 'Biscoito, doce, recheado com c', 472, 100, 6, 71, 20, 1, 3, 27, 48, 139, 2, 239, 232, 0, 1, 1),
(645, 'Biscoito, doce, recheado com m', 471, 100, 6, 71, 20, 1, 2, 36, 27, 138, 1, 230, 113, 0, 1, 1),
(646, 'Biscoito, doce, wafer, rechead', 502, 100, 6, 68, 25, 1, 2, 23, 48, 124, 2, 137, 240, 0, 1, 0),
(647, 'Biscoito, doce, wafer, rechead', 513, 100, 5, 67, 26, 1, 1, 14, 19, 73, 1, 120, 75, 0, 1, 0),
(648, 'Biscoito, salgado, cream crack', 432, 100, 10, 69, 14, 1, 3, 20, 40, 148, 2, 854, 181, 0, 1, 1),
(649, 'Bolo, mistura para', 419, 100, 6, 85, 6, 1, 2, 59, 28, 333, 1, 463, 75, 0, 1, 0),
(650, 'Bolo, pronto, aipim', 324, 100, 4, 48, 13, 1, 1, 85, 10, 122, 0, 111, 135, 0, 0, 0),
(651, 'Bolo, pronto, chocolate', 410, 100, 6, 55, 18, 1, 1, 75, 28, 197, 2, 283, 212, 0, 1, 0),
(652, 'Bolo, pronto, coco', 333, 100, 6, 52, 11, 1, 1, 57, 16, 303, 1, 190, 143, 0, 1, 0),
(653, 'Bolo, pronto, milho', 311, 100, 5, 45, 12, 1, 1, 83, 10, 128, 1, 134, 118, 0, 0, 0),
(654, 'Canjica, branca, crua', 358, 100, 7, 78, 1, 1, 5, 2, 12, 48, 0, 1, 93, 0, 0, 0),
(655, 'Canjica, com leite integral', 112, 100, 2, 24, 1, 1, 1, 43, 6, 41, 0, 28, 70, 0, 0, 0),
(656, 'Cereais, milho, flocos, com sa', 370, 100, 7, 81, 2, 1, 5, 2, 20, 91, 1, 272, 69, 0, 1, 0),
(657, 'Cereais, milho, flocos, sem sa', 363, 100, 7, 80, 1, 1, 2, 2, 17, 58, 2, 31, 29, 0, 0, 0),
(658, 'Cereais, mingau, milho, infant', 394, 100, 6, 87, 1, 1, 3, 219, 16, 169, 3, 399, 82, 0, 0, 0),
(659, 'Cereais, mistura para vitamina', 381, 100, 9, 82, 2, 1, 5, 584, 72, 515, 13, 1163, 244, 0, 2, 2),
(660, 'Cereal matinal, milho', 365, 100, 7, 84, 1, 1, 4, 143, 11, 101, 3, 655, 83, 0, 8, 0),
(661, 'Cereal matinal, milho, açúcar', 377, 100, 5, 89, 1, 1, 2, 56, 8, 43, 4, 405, 52, 0, 8, 0),
(662, 'Creme de arroz, pó', 386, 100, 7, 84, 1, 1, 1, 7, 51, 153, 1, 1, 115, 0, 2, 1),
(663, 'Creme de milho, pó', 333, 100, 5, 86, 2, 1, 4, 323, 30, 303, 4, 594, 166, 0, 1, 0),
(664, 'Curau, milho verde', 78, 100, 2, 14, 2, 1, 0, 53, 16, 75, 0, 21, 162, 0, 0, 0),
(665, 'Curau, milho verde, mistura pa', 402, 100, 2, 80, 13, 1, 3, 31, 9, 45, 1, 223, 55, 0, 0, 0),
(666, 'Farinha, de arroz, enriquecida', 363, 100, 1, 86, 0, 1, 1, 1, 4, 36, 31, 17, 13, 0, 8, 0),
(667, 'Farinha, de centeio, integral', 336, 100, 13, 73, 2, 1, 15, 34, 120, 340, 5, 41, 334, 1, 3, 4),
(668, 'Farinha, de milho, amarela', 351, 100, 7, 79, 1, 1, 5, 1, 31, 84, 2, 45, 58, 0, 1, 0),
(669, 'Farinha, de rosca', 371, 100, 11, 76, 1, 1, 5, 35, 57, 195, 7, 332, 212, 0, 2, 2),
(670, 'Farinha, de trigo', 360, 100, 10, 75, 1, 1, 2, 18, 31, 115, 1, 1, 151, 0, 1, 0),
(671, 'Farinha, láctea, de cereais', 415, 100, 12, 78, 6, 1, 2, 196, 58, 296, 9, 125, 366, 0, 2, 1),
(672, 'Lasanha, massa fresca, cozida', 164, 100, 6, 33, 1, 1, 2, 10, 4, 42, 1, 207, 54, 0, 0, 0),
(673, 'Lasanha, massa fresca, crua', 220, 100, 7, 45, 1, 1, 2, 17, 13, 82, 2, 667, 137, 0, 1, 0);

-- --------------------------------------------------------

--
-- Estructura de tabla para la tabla `categoria`
--

CREATE TABLE `categoria` (
  `idCategoria` int(11) NOT NULL,
  `nombreCat` varchar(40) NOT NULL
) ENGINE=InnoDB DEFAULT CHARSET=utf8;

--
-- Volcado de datos para la tabla `categoria`
--

INSERT INTO `categoria` (`idCategoria`, `nombreCat`) VALUES
(1, 'Cereales y derivados'),
(2, 'Verduras, hortalizas y derivados'),
(3, 'Frutas y derivados'),
(4, 'Grasas y aceites'),
(5, 'Pescados y mariscos'),
(6, 'Carnes y derivados'),
(7, 'Leche y derivados'),
(8, 'Bebidas (alcohólicas y no alcohólicas)'),
(9, 'Huevos y derivados'),
(10, 'Productos azucarados'),
(11, 'Diversos'),
(12, 'Otros alimentos industrializados'),
(13, 'Alimentos preparados'),
(14, 'Legumbres y derivados'),
(15, 'Nueces y semillas');

-- --------------------------------------------------------

--
-- Estructura de tabla para la tabla `ingrediente`
--

CREATE TABLE `ingrediente` (
  `idIngrediente` int(8) NOT NULL,
  `idReceta` int(8) NOT NULL,
  `idAlimento` int(8) NOT NULL
) ENGINE=InnoDB DEFAULT CHARSET=utf8;

-- --------------------------------------------------------

--
-- Estructura de tabla para la tabla `objetivo`
--

CREATE TABLE `objetivo` (
  `idObj` int(8) NOT NULL,
  `nombreObj` varchar(30) NOT NULL
) ENGINE=InnoDB DEFAULT CHARSET=utf8;

-- --------------------------------------------------------

--
-- Estructura de tabla para la tabla `objetivo_personal`
--

CREATE TABLE `objetivo_personal` (
  `idObjPersonal` int(8) NOT NULL,
  `fecha` date NOT NULL,
  `cumplido` varchar(6) NOT NULL,
  `idUsuario` int(8) NOT NULL,
  `idObj` int(8) NOT NULL
) ENGINE=InnoDB DEFAULT CHARSET=utf8;

-- --------------------------------------------------------

--
-- Estructura de tabla para la tabla `planregimen`
--

CREATE TABLE `planregimen` (
  `idPlanRegimen` int(11) NOT NULL,
  `fech_ini` date NOT NULL,
  `fech_fin` date NOT NULL,
  `idReceta` int(8) NOT NULL,
  `idUsuario` int(11) NOT NULL
) ENGINE=InnoDB DEFAULT CHARSET=utf8;

-- --------------------------------------------------------

--
-- Estructura de tabla para la tabla `receta`
--

CREATE TABLE `receta` (
  `idReceta` int(8) NOT NULL,
  `nombre` varchar(30) NOT NULL,
  `descripcion` text NOT NULL,
  `tiempo` time DEFAULT NULL
) ENGINE=InnoDB DEFAULT CHARSET=utf8;

--
-- Volcado de datos para la tabla `receta`
--

INSERT INTO `receta` (`idReceta`, `nombre`, `descripcion`, `tiempo`) VALUES
(1, 'Tortilla de patatas', 'ElaboraciónEn primer lugar debemos pelar y cortar las patatas, hay personas que prefieren cortarlas en rodajas finitas y otras en dados, lo importante es que todas tengan un tamaño parecido para que tarden el mismo tiempo en hacerse. Una vez cortadas le echamos buen puñadito de sal y las ponemos en aceite muy caliente.Ahora cortamos la cebolla en trozos no demasiado pequeños, la cantidad de cebolla va en gustos, desde los que no les gusta y no la ponen o ponen una cebolla pequeñita, hasta los que les gusta mucho y ponen una o dos cebollas por tortilla dependiendo del tamaño de las cebollas y de las patatas, tendrás que ir probando para dar con la fórmula que más te guste. Para que no lloremos a la hora de cortar la cebolla un truco efectivo es hacerlo bajo el extractor de humos encendido o en un sitio con corriente de aire, pruébalo y verás cómo funciona.Llega el momento de freír la patata en abundante y caliente aceite. El punto de cocción debe estar entre fritas y cocidas, casi frita pero no del todo crujiente. Así no corres el riesgo de que te quede cruda y se escurrirá mejor todo el aceite. Cuando esté casi cocinada la patata echaremos la cebolla, con 3 minutos bastará para que esté lista, aunque aquí también cada maestrillo tiene su truquillo y muchos la fríen junto a la patata desde el principio.Mientras se fríen las patatas podemos ir batiendo los huevos en un bol y añadiremos a estos una pizca de sal. Para que salga muy esponjosa separamos las yemas de las claras y montamos estas hasta su punto de nieve, también podemos añadirle una cucharita de levadura y conseguiremos el mismo efecto. Si lo que queremos es que esté más jugosa le añadiremos un chorrito de leche fría.Cuando estén listas las patatas las escurrimos muy bien del aceite de la sartén para que no quede aceitosa y las echamos en los huevos bien batidos y dejamos reposar la mezcla 10 minutos así conseguiremos que la patata se empape bien y adquiera la consistencia adecuada. El huevo deberá cubrir la patata y la cebolla.Ahora ponemos una cucharada de aceite en la sartén bien limpia y cuando esté muy caliente vertemos la mezcla y dejamos que se haga 1 o 2 minutos dependiendo de si la tortilla nos gusta que quede más o menos cuajada.También tenemos que tener a mano un plato con el que vamos a dar la vuelta a la tortilla de patata y este debe ser siempre más grande que la sartén para no tener problemas en el momento de darla la vuelta y que tanto miedo nos da, debemos hacer un movimiento rápido y con seguridad, de forma firme y decidida. Ponemos éste sobre la sartén y lo sujetamos con fuerza con una mano mientras que usamos la otra para darle la vuelta agarrando por el mango. Ahora sólo nos falta volver a poner la tortilla en la sartén para que se termine de cuajar por el otro lado. Esto nos llevará 1 o 2 minutos si nos gusta jugosa y 2 o 3 minutos si nos gusta más cuajada. Pasamos la tortilla a un plato limpio y ¡Listo!Con estos pequeños trucos y consejos conseguirás disfrutar de una sabrosa tortilla de patata, ahora ya sólo te queda practicar y practicar. Y si lo que quieres es poder saborear una rica tortilla de patata en cualquier momento sin ningún esfuerzo no dejes de probar nuestras deliciosas tortillas de patata.', '00:35:00'),
(2, 'Porra antequerana o archidones', 'Elaboración.\r\n\r\nSe pelan los tomates y se echan a la batidora en trozos junto a los ajos y el pimiento ya limpios. Se tritura a la máxima potencia y se cuela con ayuda de un chino  para evitar las pepitas. Se vuelve a poner esta mezcla en la batidora y se añade el pan, la sal y, finalmente,  el aceite poco a poco para que emulsione.  La porra debe tener una consistencia que permita comerla con tenedor.  Servir fría, con jamón serrano y huevo cocido picado y un chorrito de aceite de oliva virgen. También, es habitual echarle una lata de atún escurriendo el aceite y echandola sin este.', '00:50:00'),
(3, 'Gazpachuelo', 'Elaboración:\r\n\r\nPedimos al pescadero que nos limpie la merluza, es decir, que retire los lomos de la espina central y la cabeza. Asímismo le pedimos que retire la piel de los lomos y, a ser posible, que los deje bien limpios de espinas. Si no tenemos un pescadero que nos haga la tarea, podemos limpiar la merluza en casa con cuidado y paciencia.\r\n\r\nPelamos y cortamos las patatas en trozos de igual tamaño. Pelamos los gambones o langostinos y reservamos los cuerpos. Colocamos la espina y cabeza de la merluza en una cacerola amplia junto con las cáscaras de los gambones o langostinos, los trozos de patata, el laurel y el perejil. Agregamos el agua y llevamos a ebullición. Hervimos a fuego suave al tiempo que espumamos, durante 30 minutos.\r\n\r\nMientras tanto, cortamos la merluza en trozos pequeños y la reservamos junto con los cuerpos de los gambones o langostinos. Una vez listo el caldo, lo colamos y pasamos a otra cacerola limpia junto con las patatas y cocemos durante 10-12 minutos. Preparamos una mayonesa con el huevo, los aceites, el zumo de limón y un poco de sal, siguiendo las indicaciones de esta receta o usando la que más os guste.\r\n\r\nRetiramos la cacerola del fuego y separamos un par de cacitos del caldo. Pasamos la mayonesa a un cuenco y le añadimos una pequeña cantidad de caldo caliente. Esto hay que hacerlo poco a poco y removiendo con suavidad para evitar que la mahonesa se corte. Repetimos la operación cuantas veces sea necesario hasta incorporar todo el caldo que hemos reservado.\r\n\r\nAgregamos la merluza y los gambones o langostinos a la cacerola, que se cocerán rápidamente por el calor residual. Esperamos un par de minutos antes de incorporar la mezcla de la mayonesa a la cacerola. Lo haremos lentamente, poco a poco, y mezclando con suavidad para evitar (de nuevo) que se corte la mayonesa. Servimos inmediatamente y decoramos con un poco de perejil fresco picado.', '01:20:00'),
(4, 'Migas', 'Elaboración:\r\n\r\nSe corta el pan en rebanadas lo mas finas posibles y se echa en un recipiente hondo, se le añade una cuchara pequeña de sal al gusto, se le echa agua por encima y se deja reservado.\r\nEn una sartén de hierro se pone el aceite a calentar, mientras se pelan los ajos y una vez que estén se echan a la sartén junto con los chorizos también picados. Sin dejarlos de remover se le añade el pan, se coge una espumadera, se mueve, dándole cortes a la supuesta masa, con el fuego moderado, aproximadamente 1 hora.', '01:30:00'),
(5, 'Carne de membrillo', 'Elaboración:Se pone a cocer los membrillos enteros con agua en la olla durante 20 minutos. Se cortan a trozos y se pasan por el chino, para hacerlos puré, se le añade el azúcar, se mezcla y se pone al fuego y cuando empiece a hervir, se deja 10 minutos cociendo, sin dejar de remover para que no se pegue. Se retira y se vierte en fuentes o moldes. ', '00:40:00'),
(6, 'Papanduas', 'Elaboración:\r\n\r\nSe desmiga el bacalao y una vez desalado se reserva. Los huevos se baten y se le añaden los ajos picados y el perejil, se le vierte el agua templada junto con el bacalao desmenuzado, un sobre de levadura, el azafrán, la sal al gusto y finalmente la harina poco a poco hasta que quede espeso. Colocamos la sartén, con el aceite de oliva, cuando esté caliente, con un cucharón se vacía la masa, haciendo varias tortillas, una vez frita se sirven. Se pueden comer tanto frías como calientes.\r\n\r\nEste plato es típico de Semana Santa, se puede acompañar con miel de caña.', '00:45:00'),
(7, 'Moussaka', 'Elaboración:\r\n\r\nLava las berenjenas, córtalas en lonchas a lo largo (puedes ayudarte de una mandolina) y extiéndelas en una fuente grande. Sazónalas, inclina la fuente y deja que suden. Sécalas. Pon un chorrito de aceite en una sartén y cocina las berenjenas durante 2-3 minutos por cada lado. Resérvalas.\r\n\r\nPela los ajos, lamina y ponlos a dorar en una cazuela con un chorrito de aceite. Pela y pica las cebollas y el puerro en daditos y agrégalos. Pela las zanahorias, córtalas en 4 a lo largo y después en rodajas e incorpóralas. Rehoga todo bien. Sazona.\r\n\r\nSalpimienta la carne y añádela. Cocínala sin dejar de remover continuamente hasta que quede muy suelta. Vierte el vino y dale un hervor a fuego fuerte hasta que se evapore el alcohol. Agrega la salsa de tomate y cocina todo durante 10-15 minutos.\r\n\r\nPara la bechamel, pon un poco de aceite a calentar en una cazuela, añade la harina y rehógala un poco. Vierte la leche poco a poco y trabájala durante 8-10 minutos. Sazona y ralla encima un poco de nuez moscada. Espolvoréala con perejil picado.\r\n\r\nCubre una bandeja apta para horno con una capa de lonchas de berenjena, cubre con otra capa de carne picada. Repite el proceso hasta terminar todos los ingredientes. Napa con la bechamel y ralla el queso por encima. Gratina en el horno durante 3-4 minutos. Sirve y decora con una ramita de perejil.', '01:30:00'),
(8, 'Tarta de manzana con crema pas', 'Elaboración:\r\n\r\nPara hacer la base:\r\n\r\nMezcla la harina, el azúcar y la sal en un recipiente grande. Añade la mantequilla y amasa la mezcla con los dedos.\r\nIncorpora la yema de huevo hasta que la masa hasta que se integre por completo. Cucharada a cucharada ve añadiendo el agua fría hasta que la masa se pueda amasar bien y forme una bola.\r\nEnvuelve la bola en papel de film e introdúcelo en el frigorífico durante un mínimo de 3 horas o durante toda la noche.\r\n\r\nPara hacer la crema pastelera:\r\n\r\nCalienta la leche en una cazuela con la vaina de vainilla abierta.\r\nMezcla la harina, la Maicena, el azúcar y las yemas de huevo en un recipiente aparte. Incorpora un poco de leche caliente d ella cazuela para disolver todo.\r\nCuando la leche rompa a hervir, baja el fuego y retira la vaina de vainilla.\r\nAgrega la mezcla de leche, harinas, yema y azúcar, y revuélvelo con un batidor de varillas. No dejes de remover hasta que la mezcla empiece a espesar.\r\nCuando esté la crema pastelera, coloca un trozo de papel de film en la superficie para que no se forme esa capa dura por encima. Deja que enfríe completamente antes de utilizarla o mételo en la nevera.\r\n\r\nMontar la tarta:\r\n\r\nPrecalienta el horno a 200° C.\r\n\r\nPela las manzanas, retírales el corazón y córtalas en láminas finas. Coloca las manzanas en un recipiente y mézclalo con el azúcar y la canela. Si las manzanas empiezan a ponerse de color marrón, agrega una cucharada de jugo de limón.\r\nEstira la masa sobre un molde redondo para tartas de 22 cm de diámetro, cubriendo la base y las paredes por completo. Recorta la masa que sobra.\r\nPon la crema pastelera en la base del molde hasta que llegue hasta arriba y encima coloca las láminas de manzana con pequeños trozos de mantequilla ablandada.\r\nColoca unas tiras de papel de aluminio alrededor de los bordes del molde para proteger la corteza de que se queme.\r\nIntroduce el molde en el horno durante 40 minutos. Pasado ese tiempo, retira el papel de aluminio y deja que se hornee durante 10 minutos más, o hasta que las manzanas y la corteza empiecen a tomar un color dorado. Después, pon la tarta en una rejilla para que enfríe.\r\nMientras la tarta está todavía caliente, calienta la mermelada de melocotón con el zumo de limón hasta que hierva. Retíralo del fuego y con una brocha de repostería, aplica el jarabe encima de las manzanas para que tenga brillo.\r\n\r\nRefrigera la tarta cuando haya enfriado por completo y sírvela fría o a temperatura ambiente.', '01:30:00'),
(9, 'Cachopo', 'Elaboración:  Salpimentamos los filetes de ternera (ojo, no les eches demasiada sal que el queso y el jamón o cecina que emplees, ya tienen sal y podrán quedar demasiado salados)  2.- Ponemos uno de los filetes sobre una tabla de cocina y lo untamos por encima con el queso que hayas elegido. Encima del queso ponemos las lonchas de cecina o jamón serrano, hasta cubrir por completo. Después ponemos otro filete por encima, de forma que haga de tapa de todo el relleno.  3.- Cogemos con cuidado pero con firmeza toda la pieza y la pasamos por harina, por huevo batido y finalmente por pan rallado. Reservamos en un plato y dejamos reposar en la nevera 1 hora, para que se asienten bien todos los ingredientes  4.- Freímos en abundante aceite caliente. Que cubra por completo al cachopo. Pasados dos o tres minutos, cuando esté dorado, lo retiramos y lo ponemos sobre papel absorbente, antes de emplatarlo.', '00:20:00'),
(18, 'Receta de Lucia', 'pizza, hamburguesa y chuchi', '23:55:00');

-- --------------------------------------------------------

--
-- Estructura de tabla para la tabla `usuario`
--

CREATE TABLE `usuario` (
  `idUsuario` int(8) NOT NULL,
  `usuario` varchar(20) NOT NULL,
  `password` varchar(100) NOT NULL,
  `email` varchar(100) NOT NULL,
  `nombre` varchar(50) NOT NULL,
  `apellidos` varchar(50) NOT NULL,
  `altura` int(3) DEFAULT NULL,
  `peso` decimal(3,0) DEFAULT NULL,
  `sexo` varchar(10) DEFAULT NULL,
  `fech_nac` date DEFAULT NULL
) ENGINE=InnoDB DEFAULT CHARSET=utf8;

--
-- Volcado de datos para la tabla `usuario`
--

INSERT INTO `usuario` (`idUsuario`, `usuario`, `password`, `email`, `nombre`, `apellidos`, `altura`, `peso`, `sexo`, `fech_nac`) VALUES
(6, 'admin-hash', '$2y$10$MFwroEIppEVXN4UlnqDByOlusfMW', 'admin@admin.com', 'bea', 'admin', 0, '0', 'Mujer', NULL),
(8, 'admin-md5', '21232f297a57a5a743894a0e4a801fc3', 'admin@admin.com', 'ADMIN-MD5', 'ADMIN', 0, '0', 'Mujer', NULL),
(13, 'bea', '81dc9bdb52d04dc20036dbd8313ed055', 'bea@bea.com', 'bea', 'bea', 0, '0', 'Mujer', NULL);

--
-- Índices para tablas volcadas
--

--
-- Indices de la tabla `alimento`
--
ALTER TABLE `alimento`
  ADD PRIMARY KEY (`idAlimento`),
  ADD KEY `fk_idCategoria` (`idCategoria`) USING BTREE,
  ADD KEY `idCategoria` (`idCategoria`);

--
-- Indices de la tabla `categoria`
--
ALTER TABLE `categoria`
  ADD PRIMARY KEY (`idCategoria`);

--
-- Indices de la tabla `ingrediente`
--
ALTER TABLE `ingrediente`
  ADD PRIMARY KEY (`idIngrediente`),
  ADD KEY `fk_recetaIng` (`idReceta`),
  ADD KEY `fk_alimIng` (`idAlimento`);

--
-- Indices de la tabla `objetivo`
--
ALTER TABLE `objetivo`
  ADD PRIMARY KEY (`idObj`);

--
-- Indices de la tabla `objetivo_personal`
--
ALTER TABLE `objetivo_personal`
  ADD PRIMARY KEY (`idObjPersonal`),
  ADD KEY `fk_idUsu` (`idUsuario`),
  ADD KEY `idObj` (`idObj`);

--
-- Indices de la tabla `planregimen`
--
ALTER TABLE `planregimen`
  ADD PRIMARY KEY (`idPlanRegimen`),
  ADD KEY `fk_idReceta` (`idReceta`),
  ADD KEY `fk_planUsu` (`idUsuario`);

--
-- Indices de la tabla `receta`
--
ALTER TABLE `receta`
  ADD PRIMARY KEY (`idReceta`);

--
-- Indices de la tabla `usuario`
--
ALTER TABLE `usuario`
  ADD PRIMARY KEY (`idUsuario`);

--
-- AUTO_INCREMENT de las tablas volcadas
--

--
-- AUTO_INCREMENT de la tabla `alimento`
--
ALTER TABLE `alimento`
  MODIFY `idAlimento` int(8) NOT NULL AUTO_INCREMENT, AUTO_INCREMENT=674;

--
-- AUTO_INCREMENT de la tabla `categoria`
--
ALTER TABLE `categoria`
  MODIFY `idCategoria` int(11) NOT NULL AUTO_INCREMENT, AUTO_INCREMENT=16;

--
-- AUTO_INCREMENT de la tabla `ingrediente`
--
ALTER TABLE `ingrediente`
  MODIFY `idIngrediente` int(8) NOT NULL AUTO_INCREMENT;

--
-- AUTO_INCREMENT de la tabla `objetivo`
--
ALTER TABLE `objetivo`
  MODIFY `idObj` int(8) NOT NULL AUTO_INCREMENT;

--
-- AUTO_INCREMENT de la tabla `objetivo_personal`
--
ALTER TABLE `objetivo_personal`
  MODIFY `idObjPersonal` int(8) NOT NULL AUTO_INCREMENT;

--
-- AUTO_INCREMENT de la tabla `planregimen`
--
ALTER TABLE `planregimen`
  MODIFY `idPlanRegimen` int(11) NOT NULL AUTO_INCREMENT;

--
-- AUTO_INCREMENT de la tabla `receta`
--
ALTER TABLE `receta`
  MODIFY `idReceta` int(8) NOT NULL AUTO_INCREMENT, AUTO_INCREMENT=19;

--
-- AUTO_INCREMENT de la tabla `usuario`
--
ALTER TABLE `usuario`
  MODIFY `idUsuario` int(8) NOT NULL AUTO_INCREMENT, AUTO_INCREMENT=14;

--
-- Restricciones para tablas volcadas
--

--
-- Filtros para la tabla `alimento`
--
ALTER TABLE `alimento`
  ADD CONSTRAINT `alimento_ibfk_1` FOREIGN KEY (`idCategoria`) REFERENCES `categoria` (`idCategoria`);

--
-- Filtros para la tabla `ingrediente`
--
ALTER TABLE `ingrediente`
  ADD CONSTRAINT `fk_alimIng` FOREIGN KEY (`idAlimento`) REFERENCES `alimento` (`idAlimento`),
  ADD CONSTRAINT `fk_recetaIng` FOREIGN KEY (`idReceta`) REFERENCES `receta` (`idReceta`);

--
-- Filtros para la tabla `objetivo_personal`
--
ALTER TABLE `objetivo_personal`
  ADD CONSTRAINT `fk_ObjPrincipal` FOREIGN KEY (`idObj`) REFERENCES `objetivo` (`idObj`),
  ADD CONSTRAINT `fk_idUsu` FOREIGN KEY (`idUsuario`) REFERENCES `usuario` (`idUsuario`);

--
-- Filtros para la tabla `planregimen`
--
ALTER TABLE `planregimen`
  ADD CONSTRAINT `fk_idReceta` FOREIGN KEY (`idReceta`) REFERENCES `receta` (`idReceta`),
  ADD CONSTRAINT `fk_planUsu` FOREIGN KEY (`idUsuario`) REFERENCES `usuario` (`idUsuario`);
COMMIT;

/*!40101 SET CHARACTER_SET_CLIENT=@OLD_CHARACTER_SET_CLIENT */;
/*!40101 SET CHARACTER_SET_RESULTS=@OLD_CHARACTER_SET_RESULTS */;
/*!40101 SET COLLATION_CONNECTION=@OLD_COLLATION_CONNECTION */;
